review_id,stars
d616vNp4tZoaz-FV19bbjA,4
uZKXjPapFsHRA69QEVjRRg,3
l_uJ4NI6Nv2F4Nua6kOmpQ,0
eW6E9mFi6s1zI0ELbw9zHw,5
ty4rmFcO35uw5Ni7N7HQNQ,1
PsUCdt7PKjzgBC0c7xXhJA,3
myecUg78-5n4ZP0mVNpVFQ,2
PSu3FfSmNaRZU9ZqA9QqEQ,3
edxRtZuyx8hnEAs7aYAW9Q,4
jttKQ5BYQTckZMT7od84Bg,3
sTwruoUXia1b5CjPEhf75g,3
0nFLrXozZLZ6ivaDhfgRQA,0
CYApyuPxOMqBJ94NQTHxeg,3
rBO2XCxV5zX1FlqBURd_SA,2
D-NPvGcYM7D0FLsTBncPVw,5
bJvTPv_Jfn_g5GhRIcS15w,4
Uv2GvbO_OlwlSS2U3MJbNg,1
IqLwrJqgRX0VQdl4VAGptA,4
GCyR1uxGLsJN1YMHX9PXTQ,4
LvAWTMZ4poRqGd9UB6ZzYw,3
v2cSrJCIspV3Jg5v-lQjAA,4
Ix-OF50AdaeVh3yBJwoCAQ,5
jA5knIqYseYC7JlgC3Vgeg,1
lz_CKtGQdx09oFXH9UHPtw,5
trSxEpFdzfa7J_10XgaDBw,2
ePbVRNKj3lr2En8uKUcpiQ,5
pZ0nNLVX2wh2cBLfdtDa8A,0
Ahm0F1ZaSNysSs-1QfFsDw,5
gAS7elljtOXMH-n4aILOjA,5
cXoc3Ypv9PxwIwd3zgiBaw,1
KITUghOndKkDmHz-0L3cJg,1
C090e4akEv79izyjyM7wfA,0
ouEfVvmYJ51z5k0UOgquvg,1
8BDGFJOWPKxq-QMAhTnkmQ,3
pK1wmbaqsG_ber2qo6dHQg,3
9K8xzdrsPAL822g-rWG0qA,3
lGmSXtNtzABgMPMIYgxw-A,4
siGNY2g16xAHDMQh62CvlA,3
l5tHohU6CgopwNc25b3Law,5
VwU2AHVVabZofzGWp8Esqg,4
zcreJG7RIK6o-OnUnsJ4Zg,4
_VB62lQjZKH2q62O8Grt_w,5
yEOOsW-oZPHUlwS__90CkQ,0
miAzWwm9_sK4au0wC8VTFA,3
wHLUerC85luCwmgZ-lh6EA,4
1l6krcOa6COPU9K_MO_7ww,5
A8kS9blm0GBzw6PBW1CrTQ,2
RUvhebeUtpFZ6CYuGoehJA,1
48r-ZbwUqNBuMXeVoV1QCQ,5
_HGbVXjGZCFXRZIAoTks-w,3
VobUsXbN_BDQ194Z0hNj7Q,2
GLLm61Va6bNXLgjAD_B8XA,2
ce5lj0RTDLIpI6NMzzeQLg,1
98fn3Q7u1ya8nRxbzILsQw,1
zUK1IGLq7o4SFtzdqNtnyQ,0
RvJmwPNOL_-UVuZw1UPICw,1
a-93occaHj_N06icI4aFXQ,1
Jm9Kuapn9uTynYRCoMbtzA,1
Y7peCGF7uCkuTRD7as25Tw,3
zVDZGMdMLQoXpCSyWNvdUQ,3
6fX2jLDoVU7T29nHwCBq6w,5
g0yTkOngbZAhVmvD7MxcFg,3
2E7XMb8mRUHrFU-oCNoxRQ,3
uB2rzQJA4FAWAjYhsiR30A,5
ImJocoyc9CJWn2gurdO48A,1
RS4gSJdFPXquEoRxOymLrA,5
-BRr7Z0_VqzYs4nalkBPXQ,2
SVApvEkb5FSRkdC-KVRikw,3
4jKhTngaB4z-XjVmdgcJfA,5
xoJCTa95o-OwUC58AZBLRA,5
pdBDLyp3_P1mxf9zBZ0Y1Q,5
f48hRvi0woS0HgEqPuykXQ,0
iX7PgW6gGHr4UCY_f_GsMg,1
kVkM23fWRV6JKSrPz_MNsg,1
WBra-HylS9-bIpFZgajzcg,0
iZSfoi9ytfgZ9aNFpWM4iQ,1
KOWEdxEnLBjWOXy6egshKQ,1
Xf1bFwk4OJNGebhjp9ystw,5
Sqc8fwEtEhlAuDML_YdGxQ,2
t3M7KfYp_WOjARxb3Nm2Tg,2
MtlKvxwecJPLaSUIZcW3qA,4
LrBenCFqb7wqHK09H1kKWw,2
NTUipaDsFO_jPFW0kuUdJQ,1
eiIyeXJzyjsedTpEcAlzUA,2
rLo2tBSWNG7DduS_X0dhoQ,2
-zl04J2hK_9fpohjkVYZ4A,1
x9TQG6M9bfcv2dIv0ECrAA,4
CDcVF62ve5QEHZDSHclbCg,0
rQKSnS-QRZNcBTiOBF4Ybw,2
e_J44uERRn9072UY3mgRNw,3
4yId26chGWwlXo0_8hE-8w,5
SWnAfYNecs1vJX8AnYW3TA,0
yYKKxwQuDu0phehKoNZIhg,1
WmGk9ZZF0HxamIsWiotFYw,0
cWjk9ht7X9rZIcCzc4DM4w,3
K8xSTfIr4KUtrQTxcgrAdw,5
CG5keX0i833uZ4jXor8Alw,3
E8yegFYrKt4c8blututkWQ,3
hOE9SMdHibFPorq4SRSqsw,1
wRL0Ft3GBfBHbZsTbbjAMg,0
bSRaqsa1Ie5F0kBw7QbpDA,4
eNoUUVDp68LVOAUx3xKBOw,3
W7j2-b-tpr0i-Eozm4GxOg,2
a5BLeyP8XM6m2K1oX15F6A,2
V2Y3EixxQFYoJdpK94hLTA,3
P-3cnkx21DVTSMby2a6loQ,4
6nz4M9pP30BGswme9h0WSA,2
-w0XBQnwkwHi9D3TCBW_hA,0
zk_0lkGY5zh-mwG2lEq0JA,5
Cdb9QTkw68PStyu-iRSlLA,5
b3mrejZCKdmE-_rSRaFhaw,2
rG7guYxdnSpQNRfaLUz0VA,4
qlosFz4TdEYdrqXsNFbJcw,2
snB4H1zUcyk-0Zb1Ka4WYQ,0
Z8XB-epdYB_V9blAUKCj7g,0
oOxYG-Ugtyw7upwXNYzzvg,3
JpbVP8PYnNZDyg7stxq_LA,1
exzvO35GlQVOVT3uvcMnbg,1
iIgNh0T-ony8oK-dgLioMg,2
m6UedP5KcU2tRXnNIHCccA,4
wBaucXTKw8gXqgByPptncQ,4
-cVcZJVTiOGveYyi_Y2ACw,4
gyx3zPbktTvTKJ_D0FjVGQ,3
o6qw7Ru6kHUWyOpqqlzQjA,4
3ITFofDL_iB2V2uNlWHlZA,0
Hi18OEXWP5ZKjD9CoQSCPA,2
9NhcJkg1Slq8hkCneADqeg,1
x66L8efzjSHPsh57HtKfsA,0
r2VTeuqAV84Jh1odS1g6TQ,0
bsFlDU2PpstwkW3o33dz4A,3
qLc5rV2-Wkrbe0u7CuIIyA,1
ZrX-UvWzwe32bYJva-hSvQ,1
dVaN5WC8CX9-xm7qTk-KiQ,5
OW8Mv9fEXU-OQwI3y93gIA,1
pzbz0JRU1ImrUIUPI7YdBg,1
ldsNAWSX7I_fLTeJi948-Q,3
NqL2J9cUe2K_9bYGjo7qYQ,4
9uxvVhVkaIZfdgF1ld858Q,0
Uop1FYQ5ETektntWp4x7dA,3
wxEalCCvrvclbsmDmb7B0g,3
X23OR3pbxz50L5_TK2MYFA,4
DChkMHbYIWQDrUmZdy1KZw,0
Chz1g6sPRckNAGJLqrtC1Q,4
bN9TrMuYkl3DwEfHEXLuxg,1
YMum2d_nZnndNhQnxODv0w,2
Fi-_qXYRSHwmJjySFCbfJQ,2
mRCIWZu9EhZUi-WCv8pEig,2
v31PMfCVtyqEweUfvq1tLQ,3
xHEgYRDBzos3RG5r9h-9ng,1
NqOZ8bI7jSzsWFVHKfcEiA,3
OaL2AQUaIZciQ9ACOdFRtg,3
T1vNC2bzwhYNP0y2B0ekeQ,2
0PVBWXN4pZYjmH4befG6JQ,5
FmgM3udWeuiKPZ3C6yBEWg,3
nz9UBPpiZ-qY3EbvmeAY2g,5
xquzq0PuJsxjefJUvbwdMA,1
8dQLwxMs-UZ0cN5Off6l-g,3
9VJe8-QjNLmeNmk87241mg,1
acA-b06Wct47xoDyp1A5sA,2
md_DhxrQLVWFv_LzkbISLA,1
0UUYya41pWxifDzRFwinsw,5
BTN2xNMHz1eU9BwR1Wx8oQ,2
-BtJZz1lCxnxbmrGZ9-NFA,4
_MLKamIdZfd4dmoBITc43w,2
w70GaU9IP3efcynJFApVzw,5
Ilg8_nuG_9KMiN8gXwxNdg,4
c9GePMCe1BuozaobNE05UA,5
ovhyb-9yXcznRXOc-i6K0Q,5
G4SrYImCgDcV_DEgfGF7kA,5
l-vlzxFLvE0amLTgNjIEuw,0
fEpTvDI-sVML63i2u7GERA,1
VQyTCAwVFw_NYbcRZiQqug,5
NEH_-xeoVO7dxSScPJSbIg,2
NcwUm43QZDXbmlVNEVwWpg,1
GxYiTZaX9oTfzJ67b4vP5A,1
RYLmCCfLhg_nrN6C-MSvaA,0
zWGTDwXQzCMsu1a5Q5ge9Q,5
JR4MhitpL_JjqldlFq81Sg,4
MWyEMLdAWpq-y2PIIgOT8Q,4
nUwTlgIrw9mRLT21-Cc8LA,1
uTzkKmx4KedfU3lj0O3v6Q,3
nKjOzH5_jWOsUVG2wpIhIA,1
osM50Vg4BZlUQuKeu1TeTw,2
bBdXU8di6m5uGdr9fL64Fg,2
s8-PgM-3HbRkoOXFIR2KOg,1
2j7al0KOCFSAGFbBJGW9Jg,2
y7Y3t3wwf053DfXnA7PSGQ,3
SZYAkPDGDAKZpi2hLcTsQQ,1
WyQ9tHpaf1VRq_yd2Zhsjw,5
N8Yln3O0HkfMnvDToCoCmw,4
R2pjw71lLMFwIMErkNA-sQ,4
LlwQ7Yv7IiSJOv_Gso-HVA,4
Exgxl5JFI48DaHL4T5_NJQ,0
ieNU5Gi15SskFI5mKOurbw,0
SppLXLxMYBqsi3HY9RzjIw,5
NSeELleNBIB-jj4bMjBLYQ,5
9wZq9xdv1Lohj0eHkw7FQQ,4
sPHAmll9QA6B1TfEh_sCmQ,1
MunD6zk9nqu9zLkvlGhe2A,5
Tbz_jPcTSt3n0nRGcdcyAw,1
6rdFaoMdMyMSCqcGY8nidg,1
v9TSA5UJBVF1FF9BB88OMg,0
2JlNRyhVxH-XHgc8Msw-gQ,0
DOxquGDZkFKx7QFHyLl-0g,2
NEMOWGKln27Xxy-hYkao7g,4
TpUk3IURY1nARg1mI-DTLg,4
NhkcJRQcE1k9c9N3EeutpQ,1
WPbCZXdnwPraiEw80MnUYQ,2
slsKv3Uk00s8RlmN-iBSmg,2
Isatse22TTFuSJZcs5lSww,0
Emw37PaZda7v3tDYqdYTTQ,2
xeuTjSybsgvIWjazd115Sg,3
fIl02AeHcTAfs0q3-JIZZA,1
ObhtPzmeQXopk73zfZ-HDw,5
BDfCbwhOuvWLpAimY4t2Ng,0
8yl_IIy3VfMbhQQKhbbtzg,3
B4VWl3tb1_H_DQzgU5iPuw,3
_WZIWZH3OY3NedV6IGUeYQ,1
fAaIdY9d8UW_YmqMU72mqQ,3
EVTriIu_WRIx9LxLi1eiRA,4
TsEzGvNX8Q0aJXGZBfYQ2w,3
SJFQ4jtnNkhC8nHIMrlpqg,1
TO8hZ0MlWwl6ZiuC04j9AA,3
i45mYCWwRNGd0qQFWHuziQ,4
q3yDWs-620FUNu7NRsBx0g,4
1DVOiKB3gQyg5X7TS8xVkg,4
f46Sr_zoAvIxTC5uNCGIbw,5
T9dThSm-XdB-X-dwlWZEFw,0
__52olz43DteH0KzfHCsig,1
6DyCAx3KUQg3wXgJoFrLgQ,3
KnWg3s7u7ysVPvKV2mf7uA,4
rKZXDk3n9msOLlWZjF-bBw,0
FzLXWx4zyBk-5Qo1PRLtSA,1
xwJrxiRYd6yJEChc9AnAPA,4
2CEVpvOBvR4o0PFWTtTncg,1
g0L_FwtHn9sKeItRBpf3yw,5
0MwmJaUd7L_8oAnNJtHluA,4
5KhsighTp3DVv6bOAJvHtg,2
XIPAesHbhqOWonjWO3aeRg,5
JX-OBTFBZnPxcMW89KaOHg,2
n3uCZ5pZWGg6sm1FqgddcQ,5
VRR4Ju1-bRNebg3n9TxaVQ,0
0ktIvD3z-FRcocHT2Ee0SA,3
mEbnXSMoqaODyHV3Abp3cg,3
cjnMmm6Zg2XkwA4fnvyIHA,4
XscgQrKp6vtEUd2UmcarJw,5
qwcDp7JhRu3FZ6Xfe7aJ4Q,0
bTImjDy4ch4O3DRpyzS5bQ,4
_t8c4JnEvpHNGrLsH8fSBw,5
XWsgKjrjZFaIw3jlO3wvEQ,5
I6TiuiLQBqLGh-g4dI4_-g,5
FgGOJH0J2XA4eoPa0rD42g,2
pvKANCzUQBqrcAZRzx0s7w,4
GfhE1yu6wqSpaKFaZ25SkA,5
NLjpA2oc-HqVhqZyv1kTYw,5
VFAFa0chvSbd7KRvsiHSCQ,5
5VrxFU-AyNlKinU6oI_CHA,4
GkMUFgfPV5FXskfIbMIu_A,0
MHslhUBagEwY4UfnEC7rBQ,0
B3an-vqNuP6LeY2RmSPVXg,3
-ALjLv42F1vNtvNqOpr4zw,5
q9DeaKdDIy6HaitYtmoATg,1
PsT37h1vtzA4JIQPYjqtKA,0
jERCMfVZwMRxAnZpa8q6Sg,2
xq1DS8Y_AfrB53Sknd_BPg,4
CbeB0UI8I5w_DiDGiWpwDQ,1
q7TZMJux6CWRxAoHxuac_g,1
Dgow9EukSaiPjBSUbMFhQg,1
pZDRiftmLeZmxFRfZDeLxw,1
yEa4kbhWdLIXe8WcH3GWRA,3
fRgTWl2h7pE5Lqtq2tC34g,5
GlZaQC1kF-fcb0q2Mou0Iw,5
-6vryerwkQBtuvxjsJI--A,2
YzoaK466lcj_7LR9JD--pQ,0
mp_vAksW3U1XccHceHW7jw,4
p3-hdEbovIi1l4yFgEumug,4
Z1iuyF6Yex62ZjORUDOvvg,0
iZGDtsP1EihJ_fqmQZR2xA,0
eO7BS0oDhA5d8evoPrFoAg,5
RtqpoHl1fxpKBemBgEPR7Q,0
PWQ3JyQ-lQZYtlY_PELAhw,5
tKHak4xQwb7Ik0UCoR2Bkg,3
uTBYOywj9BgBy9cy100noA,4
OH9_Rplf3Y31hOTsSRtElw,3
q6qhv1uyGQWR4o0YtZomKw,2
VI4LcoRysJ2BA0_4eG1GfQ,5
Zt9Yj5K1Y-MnDmocXI9Zgw,0
LdtAsm52NuwnGFDibeluNQ,3
lTdQJx-57tRqrM-gN5w5Hw,1
B9aT_LxC_67tQASkKp24WQ,4
gESmki5h0dGNhFlaJgdFXQ,5
eULvRRpyjFgfviesmOJF4g,4
Ecy-gVNj8gSzVShxK8rA1A,4
xdcvYFzKl0EQy7bHcx7igg,1
C7CNw_qovVZkpIQJNNhUsg,3
o8oGoiRPB84WMWW9P4khXQ,1
6022r3DZfvTatE7i9-FLjQ,2
MrHiUVHmqmEqke6PYuyAjA,2
cGHHc8C7AyK8aSSFPTtdcQ,1
CLBU-WzN1Zu9x6K8NoZ6Ug,0
Y3GcUp3YjRZBz3xjqYOCqg,4
g6fZu4inpAcOZZEN58ESAQ,3
FMWMcJSxwP585UwRPMFXDw,2
0KvTIYCc02RCztTE0kJL8A,5
OgtdKjdk6VpVrn8o-PBMQw,1
H9sfjXPOr-A93uFBqXz2qQ,5
u9ctIvRYUqPJTtGx79ixUw,2
1EAhe8dGPbc3GdIsH6Kahw,2
PwUMhMUnKBr-IJjsPj8cng,4
bnbn3FPn9UiPZhcn1cV95w,0
KNrNuZ9_SVMLZe0jKZMOIw,1
Ig8uTr6u_MfQRqjtjPWclA,0
3sET_aV1TylNFkXPFYs5tw,0
yeYVay4JjNteHk0FeA4_KQ,0
fT5bG9Qa1pOoB7KAP90VGQ,1
bfU1YclIcAXY7cASNxeNHw,0
yHvojkLwbDozVtv5i1hGaw,5
rXNDtxlAVmgWiTnmsmVPIw,2
oqQsom6VQimcH4ELQSJ-Cg,5
j77BKkKL80uUQLI5VwJlJA,1
Q9VgPX7niP0zuh9yVz9zJA,2
V94ce-64fN7Cw1Zr87eKHg,5
thYrxU9sfXM-b-gGWb0n8A,3
T0VUAD6n2b0WqqHvvrMwRQ,0
HKxtTTahu0hGHjdwTvkE8Q,1
FDR4rEL9O3w971pbkkgbIg,4
th8_ganLWmDcXXrqxCv8rw,2
eTi7RTLNbv0133k8imymaA,5
i29rU3HhpW8oDsy0LoMy1Q,2
QAuM9x-D8UNGK7IqX8BGOA,3
auS0tWaSXB1ZE8N3nYUCaA,1
q0i4ARZP3LeGgcujc4AObw,3
RNOns50H-JdnewVwEBo6Vw,1
UHCFS3AESCgzoCHisaqO5Q,1
iMbgFI3YRltizk7YXKvpbg,4
9DdS2IKb1nYzlVvrsxO5kQ,3
rikjxk2T8ut9hcxN5ndjWw,3
o7hLqQqGGZarol4wrv91Mg,1
_pkqrhG9OrvV6i0Exd-zxw,5
HGhEaCD4uo9Rl4ju-XkV6w,0
apXMT8lO2P313VSgBfqOBQ,2
aU3QjhOyoHQ9cfEDKYB2Vg,0
Q-Hyb3b0i6fD4YJy0QW_1g,0
iKH-MWl-qjrX9eP_oTcAiQ,1
M-hsnT83YK7uX-sttNRZqQ,1
L6B7e9LfyIARoirP-UmVKw,2
Dr7WodeX_G7WZR1X83q5uw,3
UFr4pT1DUBID3zlHwFJLOg,2
TTAPHe0WMvAimFbLAQ5Krg,4
afNTqVZYIGLL3rtuxnRfDQ,0
fdbagVL4PcqaBTa9wBhMzw,5
NrSgT4SL8WpqXyNOMPdPlA,2
evsS993UPiwetgSnbGS3dA,1
IwgaGJxspW9nIMx1fNCb7Q,4
qwSzFkNmJUzYvSvz1p6lLg,3
xS7W2sZMAQVLF0pMnWD1zg,5
jomrq9YCs0wnpI9DsNKjlQ,0
-bizFU0PqFCqoRD5_oazDA,1
OCAVeE6elVkmYtru0iV5Ww,3
PQg4PwQ-shzih-lo4KlUJw,2
MQd4V_JrWKbH4GQy2LcklQ,2
7NmJc8jSuZclM2qBTnRz4A,2
5W950xtSd4XolpZQTy9ANg,3
223-LJ-1S8OdcNaNOIm1Lw,0
VIMb8hi9g-PmhpMT6o7gWg,5
tiwQqvsKOA3isd2eJseFnA,1
P06etPd2rNFkTJ_4qHndeA,3
-sg87Zxu4f1LVLs01kI9hA,1
HAhPEG1mh6piPLH9dLWRNA,1
RorOGrkuz3hCYz2hrZaj9g,5
bPj7mXMGeZctAKjeibRz3Q,0
lz8YnZYj48LTXCGUXFplcg,5
y6YHU4KS3_0VnCHnUJr8XQ,4
5RcPBGL5zd9z8N-4iH8tKA,5
DyKE9fPa7f3589wjplDhaQ,3
tUaypgTMYp5qdYrNZ5rS9A,3
ytvJ2A1vjrAXXtZ0nxJ_zA,2
-ox6b2sCmMpoaxXBBtmn0w,0
FsBLI2GFqcHjEtrwNZ4ObQ,5
AeB6OKnwNGKajQcKYw1d9w,2
55YSQ9lHS6REj9Ld60GMvA,5
m9p1beGfKoLacJ9Fs-qwDQ,5
5T9Tne5AFrEpEie9PFa-Xg,3
nkh6HacON2EMFvV3Z8riFQ,0
NtP53KV_iWswbENBsb005A,3
HrKrAvII8ZswwsZNAv63XA,2
bU5fCGNkD5JOIMbmwmIx2g,2
KuCztkt4Fpik8CxDnhGUNQ,4
JFo_Txby8YAmS8Otzd_nbg,1
HqSM-EVXacAB1rD6YzUgbw,2
qfKaAW3J-TMXw-a8PFnYZQ,1
kyMOLp53VhuSVgTqWSGCxA,4
-fnO92d6j0_kr449FEwqFg,0
sg11wNVk2UUio6K9nozPBQ,0
Bt2I43B449MdAmm3sW0K6w,3
0IU1C2s9XzBrypKpiCgnXA,1
nwKwYed5u02kT7CF7aH8Mg,2
dOQxkbPlEho22fbTq72n9w,0
NTM5PFmi3USvKHPt9jjOxA,3
9HApXwSbRmkfos2_zbJWcw,2
OJmN-Lq12icBqQCiK9vlUw,4
QILC7shQhydznyuhDcpFhQ,5
vzM_ZIPe9Le1OlBiBaP5pQ,3
5R6EQ8CPY5KUiISq5OJL6Q,4
UfhJWvyr2aa6GUEDjuLm-g,0
a1K1wL5KVYtJNv5WfH1moA,2
um7Je995AnEJ9Bs7bX2XoQ,2
__x68FCfbsTPtXNMFU4OJQ,3
i0rHd-AKZ9FrEXIPCl5yZw,0
l8DvvdxYwqjcebEXukeEMg,5
aQVcPTkAGlCjOw78biJNQw,3
6m_HAyOpG_lLvBTj_auKvw,3
NUhA01gG0qM4EtOH7mdBUw,5
rxeDtHuXOZnPNtb7lcmc9w,5
WE7_Aj2d0p-9AKb_-7vtSQ,3
apUYBxfWepIE6NR60V-TJg,3
EPVwhrJv7V1ZKP1T392KmQ,1
cW7eRfpojKjWN2dLZNR6pw,4
DZf1iLzxClBkoVKyqlbWGg,4
O9Abbuz8KBCQzSj8EFUM7g,2
6GTtLQ62uCGqnj8NzrndVw,4
wPr13sTFNCNjubI32naEJA,4
CaKNkDJmzUI-GXgORhqYvQ,3
gpo2NQd-nCt9yva6r8e1fw,2
xngeg9pdLBGKvM4FpYO2Hw,4
2qs6smL93-vZy76GsVKEEw,2
tHBaAotjnImr1F0uf-dVrA,4
-uZXns2kOTcIE7v7lM4Cow,2
wPSfta_8b2aKcy52_9qzfA,4
8kPcQlYN6YhMG_tRcE-TrQ,4
YpzRKSWB0GkMDTKy8TulxQ,5
XjxlqfbNKQokjVhkY9I5MQ,1
5Nwu-1nOoL8bEa3kjCH4UQ,3
hHSIji_ceQT4ddHe8CMELg,1
PZ21fvHChK7aPF-OKd4aRw,2
eFojLiSUIA7Qi29yG9vLjw,3
d-S3-kQG9SiYSb618yGVyQ,0
qok8YacyDT-i0jl2CHgPnw,1
M4Uz7UbFpjLyPAHTa7sN_g,4
5f8NSM-WMjfy4TeobpjySQ,3
e8MC7RmsCJs94dwucirOgg,2
CDMlDWLCAAuk1b-7MWU4RQ,5
uMff0VAyZQ6FVORReLZ4_A,0
SGTWIV5hN6ICndVwBq_svQ,4
fi-tJbruQ5YnAFyLnILwbg,2
tUH5VVr-J3bJIPRtScUpwQ,1
dXmB4RV75bzvm74M-RDrBQ,2
1lUhf2MdEcUgp5xyHOGyFA,4
OU_TaIUOdqW_1iZUKAV_gQ,4
HV9ZGzWpaGMvpxsVk5S3FQ,3
5v3Uj-swv4K8969BF2pF-w,2
RXn03rbmp0f5pr2jdZs25w,1
3LMfszmTh8l-xoCddFTlgw,5
WN5E4Wo4bsp7XdOImYw5zQ,0
aeKK3qO2bpkp9t3MSi8tXA,4
nIJOLaYTAhANKrQopKL38Q,1
jIf4eO5S1HW1oVlPTLPkYA,0
OVsIo2IgqN7Q49rARIZvzw,4
LPIAvqm_rQvcVVY5GEN8Rg,2
0AW9j2N5LORSCI9SciJyMQ,4
kEgLcacLIFUCeU1QrdFeBA,2
E7lORVZmjCw3WtlNJ0Z5ZQ,2
By0kxUxO3nFRd2O1ZSBcbw,1
p8eMAfB4jDuPvrzzoYgJVw,5
8r_XKv1N8mBbR4yW7Ejw1w,0
4pQEwppJAdVG0tUem4FeZg,3
_YyF9vCfwIMvTIMvB1ww-g,4
-Z2Bh0TwTa_RiVKeq8Dijw,1
yZevDRfM_Q4jPVetoDC04g,4
OimmJBOO76fIqhcMm4JceQ,2
00Y4cHa4sHx6fYSvUdj6lw,0
OPX8ceLZ0qIEE_08rJiKVg,0
mz86B8Jye242xJMqhawWaA,0
r6TNo0cv_oQ4aRPFm0EYOg,4
agD2bhvO4XSF5tZZOpHWsA,1
okNCshpjPBrFgjiunPw5_g,1
6TKGIW2QX38diBnTypz9NQ,3
yw7RHD-rf_3C_5B_AGuJng,2
6Jj6pBRRSFiPbEwa1mVXqQ,5
piBMBSbiC_-5g5rbHUsdEQ,0
auUxwnSGSzodgqTxVp6Uig,1
jR71jp4vhQZPM3kdtFd3wA,4
WpJzstxZ7dU_OfgR1WRqeg,1
8IFIBTO8lRmuQGqGDdxERw,0
-JgSbgsx2hJhQLrpL5nTmQ,2
hX3hW2N_gL1wfNQ2eppPrA,4
5bxVcl-_iEYY_mUYViDnXg,2
2oLiv7tn7BYKKu799DebcQ,4
uqoJmTEzkT8WGzvyumySmw,5
ZD31i16m-dIh59msEGep8g,0
63nX9geLjrhdPFqC9edwwg,4
RTnAWSF72oxB0M_Fts7ygQ,2
QdAAAyWx3HQ0w5exRW-2Tw,1
YkCcDhCf8pIsTMbeoue6PQ,0
Iu-froD7jvZ1zluc6Y0OEQ,5
Jng2pfi86VH5zakmIYq3sg,0
u4xQBL3mpd-yHGiN3T5NNQ,4
jdpGB3Nex7uegW-D95D7yg,3
4YI9aqP7EyQ57sjoK1nrNA,5
vMzLiUHzrPp-fjpaggHtUg,1
sLkptb0QrkqFh2N_IgVptg,1
H_NM5PmL0C9742gPy5lYpQ,4
mD1GKHjBCUDVxREX51zzhw,4
DKjDW03QIWJpRYsbJviCtQ,0
87m5-6yf-fhhiXiOkrmYaw,1
xud1yvDBQaI2vGkOGM2W9w,2
_ZTVCij3kh5mrnNYSl2lcg,2
6n1_l3lhh8Xp7BREsmljWQ,5
QGZPHOedXTQVr0DYmRjU-Q,5
iqZpmhXeawmEdNf8Ryhebw,0
Ja47-wQ2ltsT1b46Dm4wjw,3
_e4fFYx94U1T6DNcdDeU5w,3
04lAu7riOMX97TuFImZC_w,4
gL-8CPlQCQfuLQ8o5Ycu3A,4
jhG1-40xNuG-zs8SJX9aDw,0
hKgM69bJq2xnNw1tc4o3LQ,3
3lhBd89JYa7nWHISSzUbhw,2
JSETeRF6jTFJkudPcK-D7g,2
pd63euMoOZmF6LfEOu6liQ,2
oBeH_hJe99FVCumQPg3quA,4
K-lcY39byH6Q7n9YG4XPjg,0
0HvYQMxK5jUTn-efqXOr9Q,4
RmqfKPCwmyGb0hOzfjuQlw,4
MZcDQT-UpYneMRkRhYRuvw,0
winkWMKV3NoN-8iWmDFb-w,2
-f9ofbvk6HYtioJakPX_Cw,3
VrubmsPF2YGclohbeEyNhg,5
7QnIy60ffqGSCuH7PRYFkA,4
zktEFkb0UTnlV8FiWdEenw,0
D2S5OGIgcIsMRrXvUi7mCQ,5
51nkhGeA-z1GoRxOg4RnOA,1
8JMb9kYB_3oX03uICiNYVw,2
3-VMFjsJNeNTGcSluIPjjw,2
S-MbjOBtU_g-wNhU_LTJXw,5
Bb7LitHbPIW7hPnRtSO49Q,3
XacQ9zHm6qZMXWuQVs3WfQ,0
2AkrKoYnbv82Rv1_5EEYAQ,1
jMriutPuKz202g5p4SMS7g,0
TCkgkObHVpGtszptQSn0fQ,3
NKb6Laz5wj4xyz8U1p5sww,4
S2Ox1PzVFE31mbo7aj7J2A,3
HhW5gD8Ohnx68oY83v1SVw,3
13BNfQu-VqGm2dhDiPYmag,2
Z3CV_pbdW5ICZaAVkOudwg,5
HcXeABZsqU9rD_EUXafzow,4
9qcjQ5TGxm8SZmcHoydfqA,1
JAnRLkXrHAkMT5PKxcNsZQ,2
J3kjrp6nwkAjc_UO_ljrMQ,3
319qfxeuJg_LrSqW7Fq_Ug,2
Utzoo-PDQB7Ima6BfawLyw,1
4ynbuuY4uTgNQ1XoC87cRw,5
ufg68sfQnzcyzCJQ66DnxA,0
prAKvb7E1FWNRdEGWEmIHg,2
95XqR1E63Gwm9UZ5IMukCw,4
_tztfo5KfF4z2qichaZRSA,2
hbZm_NMJ_zraNH91aGfvCg,0
ikYs15n5bn1czKByJ-2rPw,1
eLPvkQlZgcAQoIYmPm1sQw,0
LvLhYlwMNNQX5g4GZhI5Sg,2
L4nt3egQ8kzAuccR4xTQBA,3
Ci795gS6FEv3TN4rfOlTiQ,3
6FbLN03FIX85MHcqQKKcvg,3
X7CJtOWT_Hr6PMa8HOLb_A,1
D386_51M0KUuRgZ-yNdCXw,5
rXsZUg6xKmxsUZPuYbJB_A,3
U__6auBrp9yw2OmaIn5b0w,0
mv5I3aqbTgqKGF-sH8a8Uw,4
PIjQSqueTVN9BleyF28b9Q,0
y0Ia1pRVcoQk07ig1eeNEg,4
u1f8KK4Oc4y9FX2LrFbqSw,4
q8N5DkjlupN6Vm_3bbKzbg,1
lFn-itsdq0ntdk_nGlEegA,3
OB-Y77PkT315eboivNoEOw,0
N1uguNwuLwGwSzWol3LbZw,4
ZF7gcnygZC1zCaeWKNSKww,4
2IHNuHlN2XgSneWT33hixA,3
CUbIF5WxafJEj5iB2E5Efg,0
9rokK0AmQQu3eZu5EKfYbQ,2
zrhMGwD0r_3TG-UfOP1UwA,0
nOcEHu7V-qNv6zp0jNSWMw,5
xEbDL3KPAi9nfs2xd47_PQ,3
NpI1IIGyJNR3cBWeux6FgQ,5
8h9lUjbELNIS9A9XTL9M3Q,3
_YHZlXhyT4WXitZueAh7-Q,0
FzB88pBR1JHbWcnNAaMosA,4
WNwJWfRr7O9bmDX3msU0VQ,0
snsk6TiSu9pDUaJWJuMjEQ,5
RCkHgqNlKwpaMwmLK1RFFg,1
cabPlRHjyTPDtWJ3LoKSMg,4
XwO4HE7uJqpVC3-IWn8JgQ,0
goGPMpwFFdlHngmOoA9f9w,3
SL1V6liH8YcsK4Ok1gFJ_A,5
kqkL-zDK8KRUk7ryX0-aJQ,3
i3nZmcpiVFkYFKzV6tQiPw,2
tmRnQ3sk2avldUuxoSF5OA,1
sIiiPu0WI1UC8qBj3wmERg,4
lms7t5xogE0NFwj6b3vJ5Q,3
DmTFhO6rFU0w-O3f5vN5sg,1
fllGSZbE7L82zOL__IX3Hw,3
5QPb7ja2t0wk-L0O5HNAvA,3
LFKP9W9MVrafDdOOuBYiZg,3
zrEhyEfbyx0h-EWslls9JQ,0
6w-xPxhRE3dpQ9zD15Oh2g,4
Fx6KfP9XdlPHjdEc2wZSEA,5
zNBuwkxy_lexWOY4b6L4Zw,0
5xeowGD1oHIb3EhjS_892g,4
FiM2Sz8ApYwwN_Bf8I0fSA,5
9PmlaEeGOTkYouO3SjKyEw,4
UpYkEkmfJYI6_QQzuQcoew,2
2zJFYmDeXJp9M8x9JmGOPA,2
OZuYW3UZ1oybdBZnOYDDGg,5
JyMGApLiUvoZeN4CW9TTlA,2
B7eIFfKFYaWI47flFy34MQ,2
9eCo2aNUydwDgI3406yXlg,3
0SbLJdHHP3g2XVAMTAgvzg,2
uL4nM0EqakFrpEZ9m9vmDw,1
3D3zSIIDhe4nsghMKLLKQw,1
Snkhdq9J3IVyUH-eDp1GMw,4
2fyX9vreGeTGerkQUoL7XQ,2
5jskwvcZZtKwEKaKkGxcpw,2
9hCuIQ324E1yJunv3hK9lA,1
pG7WCHYA7GPKx1_QyXQJaQ,1
8Naxt6nv7o6KLU_upgm_DQ,5
HLCDACGAm-jAuCTCMXIXYg,2
ohkIlB-9f-zpeWPXZKdZuA,5
NCir8QyjjaknmfHoKRrMtg,0
6vq2ycW7CBw4eB7Bea_p0A,3
odUZdr-bMy-kvc4B5hikpA,4
un3ElJSNM1NAg2l2gtnV2Q,2
r-oTncAg_h0UC5W33SOM7Q,5
-WEAPRTqehxKqSP9R6UGqA,0
0RYZzKDDcrwO0IfP-OVnuA,1
sU2x7--SVt-HDRmOFGmUIw,4
4DThIZ-YvmAkq1igs-jaSg,2
6v7GY_dEbYsZdIwFhF0cAw,0
gsIDOyi_ZzyaJlaIQAGDvA,3
h4Fa9FrHWKBFNUqn4j5pvw,0
rpJNKJGSckbAzEVEr8CHjw,2
wrpDLDt_F_16VV-GokGIEQ,2
-zggN2oHsoAHTRvLE3obgQ,1
ishnQ8u_HEI-dD25FyAHtQ,1
RbBT3OYfNz9_5bqCyEzixA,0
3sEsgbGfSud-np7t2QhS_w,4
5oKToyVa64wtI_VK3Xc1jA,4
BeCqwf527qnv6hBPuICl0A,3
DS5avJg7Pt5ytdaUv8uslg,5
ilNX2NDbBSbMj3Vv5DaDaA,0
7yKj97De66D8fkcEchse3Q,0
sLiHgoLEiKGQYIaNx0xhbg,0
yScelOayTKjfu56N_p9fvw,2
2jLpYu2vKsjeQjxxQrOtUg,5
-X8cWodpCT1ehiDjRkCnuA,2
oocw1j89-3wEdtzeaXKi2g,1
QdPMGKjSXfV2M51jipFK-g,3
vkgj2sPq2yc5l3svm5FQOQ,4
2Fg-fpC_dVL0PeqtswnAyQ,0
YOPalx8vr_mCzhYTOW-guw,3
Nl5hHeT7wijfZgdj3c_uEg,5
I0D86gvdkSROUl0og5-zpw,4
7Jbt4_lZqbno5xtLdLn2vw,0
0tL3g0AinFjD0IyMz1xG6Q,4
8V3rlkQoq9anIXi2TTxzGw,2
mQ5Gy4shtfSEV-8Bw6f8Ww,2
LhM6-hxUZmEFLRjdSAROOQ,5
FsQibqOmJUJ1CxStm9fKSA,5
MJUHjTYI2bokkeQ2Q_jDhg,4
p5CgtJLz6SOhujVp1XSPiw,3
_QJdg3S8FmWP23pQyHgi1g,1
SFvl2Yd0YZN5Wp0816pNdA,0
jZgaLECZDngaN6KpJrmrmA,3
ISwLcFOFFnmLNAb7c1h7FQ,2
ibhZJsSKN1AvkO0aPEvjbw,0
Eyiwx1JO5vkyrEYeXBpVWQ,5
c6p2N7VCqalvvmvyMKIKoA,3
zyvy_ooRvja-K6kwhKfNkA,5
6XoXXpnIwazxLnhlbOx9cA,4
l4g304F684nsS491z7hLzQ,2
ddsUlY4zLEJo9oajzAC7QQ,3
SACn9dZ8pA_QkzbllHu4Cw,2
_6wp4BanC66qz7he7T4dwQ,4
MssSk-otxGFNZvsNlmxvGg,3
Czowg7afgJUWF3nZDuJJ7Q,0
2TE-NUwo6Zi2F9b5qlhSdQ,0
oGO_wwfSEG7f_ZDk5rtVdQ,3
ZKzjK0gQFcZovVdFcX9n-A,2
XmEEYWrL4dNq52FdlZL97Q,1
o-3jXuQm_GGHznhwYEreqw,4
Qm6okMKrKVadbF9qGvcpeA,5
EooTwvK8vu-ok9uwENQvrw,1
ew-K7HRUHplwBwff2MPwjA,4
dhgxX7iPZOLqCazUauWyYQ,3
AMGFr_YBxO_OoNtEHtYkEw,0
UJhUT49NMQyppgSHg-DUhw,5
cJlwbHRnEmYYO1MHI_R2rw,3
UiQVTpep5RA8zh2GHVNTGA,5
b5AlyISPeQcDNWBkwkfnNA,3
qWIATfAFcEyMP2rbigGKXw,1
KeWwS2yA4VNv-HiTc3gb_A,3
mGixbSxoGfezJP49tVp7xw,2
Mw3A86U7VODzO4U5E8mW6A,0
wsyIF-D3hDTaJ7VfEUkNJg,3
uh1SLoPjUV0rEln4lp9mpQ,5
k6fSRa8IaLtDCmvv5ivtjQ,4
ph7OGzPCHgGs1QKuz_WuAA,2
6SKCpUGthiVyHocB3UdwHg,0
HJ39s1ac-sGjqBdEGWfZ5w,4
5muaqm8RoqUq4liAaCqz2g,0
BTavv71BKXMFQAMSq_bZJw,2
5wnx8l9JWgNPhts3EjFZBw,5
LED3PcHyAIjOj3vF-017Hg,3
3nGxMZ8Ol4-DGlVTWCR8lw,1
Tq93dLUR0-KrVN5eDeb43w,1
qq-OYwGAO4OrSHAHBJOa-A,4
N37jhovYvf_9xgNP4gN9Kw,5
LG8qoRqjUjLIuQoEIAEl2g,3
iFRJThWwe1YwfveeAAD6yg,0
VsO4kXmolISlbhWrrU2qvA,4
s-7SGEN7MFgOI3QeWU37pg,1
v85ByK7H_bZnXY-lYKGEnA,2
Ph7hZLcqFolClKJyuxDpPQ,2
8GBFqt24HIwJGP5BJ3H3hg,5
QXtTMjLkVpLdx9DLWuTs2A,1
0VCubqbVqkAxbdia6mE-4Q,4
APT3fuTmqviLMv7LcdKrLA,5
6txknWWXJYX9wJnkzOq1tw,2
KBbNDKRSF7KOGoJ2Ip1WZQ,0
jqshPwaU9K0tdueskIQwWA,0
fPvwq6ty5c_2MDWHL8PVlQ,0
cfc2b8ZZvp_HX4po4La3_w,2
UkHmTDw5FGC_YeEG2wR4jw,5
K1XPXAAvXVZufMhtI1JMnw,5
rEKFMr5ZOzmPm-r3yzyFNw,1
Xuuwr66oMcfaLpsxRbxnCQ,5
5MT5m4f9rB1YjtPgtArcjg,2
Df9LyrmbywykN-t2_qShpQ,1
GaLn_cmJkwPTUnDATiNAHA,3
CU9FogwNmcsbCBJNfahMZw,2
Oz0tnPC_WwAEYlAkCjf1qQ,5
PtFkh97-mn6DAFcSWIqZog,0
pnZV3Inm2ZqOcKD1Y_tYqQ,0
COB-9Q1AjKAq75ORCCVAxA,0
7vSQo0atnJEKE4XmS1X5CQ,0
0wulCHp2Cr46tN_HRhd1HQ,4
2WB1-iyzJ-fniVoC9Ka61g,0
v_axeThx0c4x3_5SZyJNrQ,2
iHJmt2hae3ZjqLQdmf2StQ,2
19u5QidGEDsAnfFYBn6DCQ,0
LMRsjT6qT8CK6l1KtC9X-A,2
us6yUCEwhvjtbz3TCdKDIw,1
GIoVXHcBXGYnMY_tOLOpxQ,2
OBBZB9yiAeJBzx0QZ4lagw,4
Leezz-9X9kUMjAfen9K3EQ,5
hM3V5XpQOB0PpqavJluY2A,3
vkeWw1a0lOqau_ziI9_l6A,5
1bdfKx3UdGUPhno-TYGWPA,5
fDIFmU_VjEUAs1ozFWjHvg,0
bc6jkS36CPvZXbFjv537iQ,4
4TdHGzGFkPq_1SYxOvpzTg,2
BIcGB0RQcDvz8v-zyFnWkA,3
kc1y6ELNasVgqGhvYqPWgg,2
sR12B6A-EoQKBBsJF1KBFg,2
Db-w0DaBYMvkZaddnzYuoQ,3
8RRjxEYf8fohc4wrBxaZpg,5
Xro0U8H50OrtHzhOCoQ19w,0
ehGHot-N043qh4-TfoDsnA,3
XFQ1zE8hgwVSJfCvmQqjwg,5
rKtHVSJw1fEay9NV8PI9OQ,0
BwChQxENM7uckbnfaSjGSQ,0
OWHoe6mL5za_HEVK9FRgVg,3
SE3NWk7exO4LhLrG-4fq8A,3
BhZLDTA2gYyqyq8OEU9Ikg,1
wlCI4Am9Eu1bVxbYtiEU_Q,5
Gx-z2bP8-UI43Sz2KPOdTg,0
Y_4xdsZJ4QO77FBgC1X3kg,4
ahJzwTgigejCj5MtuiAp-w,1
ZqcaVVFNhhTJqH50SOOkYQ,5
yEq3cKQhsb13p1o669hZ6g,1
_yVI_eHIbKl79-mgTXsO8A,0
ZHTkWnzg6Bgk0Y38y9eJiQ,5
aJTBVzmKiprp-yYj9jh_Sg,4
dosKpGWU84fpvQeVI3JSFw,3
0a3FL0e12y35QjNH5uBA8w,4
Vw7zwYi_GtazwPxdLSqthQ,5
jPhPHfScTkI6eW2IQtNtEQ,2
nbXPOfuZKZGc9SWB_N48HA,1
bUO3-5-g4aZGRES4HrOQ5g,2
OOz9Fxc8XSUWw5-MF3N4qQ,2
zF7nUJVqS_TsjXs6DGrhEg,3
_C-TNOX9CVRG4DSWp3tGXA,2
HZ6C6uH2-PnXtxQK2RP9-Q,1
bSrOExn_2rKvrgx1E5O54w,2
4i1a0zGQDkmcvQQ_5ldUQQ,0
wu82_RnPJlHgCcPe-9YvmQ,1
EAvwnkPMjdBtOPdTFB3bAA,3
xKKHAqOJzz8sYC_XzBZcTA,4
7W-hqRzGR5XwU1Z_8zBhCw,0
Xo9vUXqsbY6NU2WgV8KFaw,0
pf_36DKpH_xgL8EqrsF4hA,2
mb31pI_1rE69W9P8Jg0mYw,0
SrCPLELwYeS0J7HUDVZSWQ,4
ejDrtqI0HxzhY6bKL9eHkg,0
tZEKv4073AS27_hI6CS78g,1
-mxkJQMfU6nne9yQar4IwA,3
urbBIwkHIhDvCMxRDANGwQ,5
zcLyfVGY13CkjeAOGJ-j7g,1
BDdOrPKh6GD9UZFmrkm86g,0
nkf7ZRuifnSV4J8HAHB4zA,1
m2tgNktgDEsvQEZ2pBcJvg,2
vxnNuk_NwlIuGIefk1MIEA,2
jDB3zcPyHOueDlwZa0udMg,2
mtSm9HAOGjvMrs9daPjETQ,2
ZMmWdvAGZDRSMHmotfHn-Q,4
XC3FqozeVGgicLLRS9pdlw,3
5gDJ_wwqiKHKPNX1NYcF1Q,0
9yn66SmPIhnsOLmSAnAQng,1
lNgHdm2W2eoziXLwwIsr1w,2
zoGwUS0yGMJtHKzehUrbJQ,4
reQwKYXru9px7KrK7-YN2Q,5
5I0yBT-mvJvrWCkCg_Zg8w,4
ZAPnTnF4b6ultVqlZptDzQ,1
WdkJH3uVCt1bKWu6h7EAyA,5
ic2jIEPTEn9uRy6VUOI-DQ,5
tC3Rq7RlnS-e2ju5QCay4Q,0
ReE_KYMvkCU9xq_aIoC8hA,0
VWlG3LZqYBWI4xYQSsW6zw,2
TRHOrAWoF4zH47ncqnAbuw,3
2uhav01c1ZpqJ96Hg0M_aQ,0
gS_wbCsqXHp_gK7U7iLzFw,5
BTBtdLtE5shjFOquB9sbCw,1
rV99pnFy2N1-r0XYQ-P6BA,2
9ApGKTUE2Rg-IAkMOOxHVA,3
rmW5WEQ4Y8oZKJ8WIMWxeQ,1
igy--EcyU1NIdPwR4ZeczA,2
_nqpJkk-dHyqdYZwKKJiQg,2
3Vks3xeQA6M_4bYXHP1uMw,1
U6EyfhtSBwHr1Pd0Ahv9uw,3
WWW_jcjdgzOK0LedwBwRtg,3
xxN2jOb-evu9O9hd2YD9rg,5
jxBq3ApC51ptciIlH_Zw-Q,1
jpf44Qp0cKfK_-elmvdSog,2
iG7mqKz2lTZPtpkdB-0CnA,5
mkpPY61kYCUMLF3hnPL-ow,1
lWD2W0d-QAS91XOMc920gA,4
gJ_8PsQCY5mTQQTkVqeDaw,5
PiG_GI54V4LgoVyIBLqj-g,4
AmOe2DVehDkKpunztL0Wgw,5
pNBnJq_3u0-1aTXUY3nkLw,2
BFS8oBSLXZkUzaIy5-Ao2w,1
z1ggL5ctQA5VyKDra4rzFA,2
mVTK4H3_WcKvbxfw2xYraQ,1
l4UuyMf42IpoHilyB936aA,1
6MDPenphD6-o6-bk0ru2yQ,4
OW9wUt3TxmwqSkzGcfQqrw,4
T2b7Rv8UaBEMGCd_aJImxg,4
9t4ru8QqVadvRGXcZuqiqA,1
HA4tv3Kn3-XMpnfyT2XgQA,3
bqG-J5OcMyanFdweqg1U7Q,4
fV-vS8ZazkPR2fzTUACMhA,1
-YTKSYFgvEb_QpLqPymxHg,2
R_FEWAv7oxy5zcKEYAiBPw,0
GDM_oFkDN3EJrg8PfQblCA,3
cNWEXvHnYN3D5pxA-2W29w,4
tL3xO_XaLoNGGQr2EN7Mzg,5
R8LLzsFj5aXusv0upkRHmg,2
N17SCyTWOr3-oSadr6W-9g,3
EdKOMKIWvKRvTZNOArwL-Q,5
yXuJy29obdfu2TH-gsvrOg,0
2m8iBX2kXSh2FCC60iaCAg,3
WM29EzB_KYWrhU6X1REMMw,1
zG66CTHWtYkC_qFMEmnThw,0
T3X1AdqwblV4KOwSvEaWFg,0
IwPCrqxU2mWSZnmuwSTjHg,3
NEH9L2m-jEWFRP8u16ldtw,1
pQ5Bj6CS3USn_Yog790yLg,0
tzFGzNJHC0aNk053FtyJgQ,2
kcSLDnsNndPqkK2__R84eQ,3
PO_gwvIa-_tCJi_BEid_BA,1
vg4fJqZIbdI3_UjoV2vgIw,3
_clBsvdD3x5lK8BJYUdRRg,5
EWw7lVpJY-w4QewRsvEBWQ,1
RWsbxxsJD8LE-CJf-dM_PQ,0
BRnY5RzECbWH9yPbiXiSog,5
taPTF2vwHjX-Lq1hq9sfDQ,0
eyMOG420u_wjKQOj5ddgbA,1
RuaYlU7gXPSHIc0axnvkZw,5
7idDHxaWB4tvuKzLL90yoA,2
Jvn2zXhcoOTNfeeMVYlKgQ,3
565XVVbJopYv-t3bN8RnCg,5
3CM8okjNeszXN-qL_g_UWw,4
8BpCUV4DMQZ3MdXlPgFf7w,4
Efy3OJFtNj1adwBI5NAHVA,2
N10db1qo7i0BtwRx1IZCkQ,3
IBhMPAQ-aeCLIp6-mn18ZQ,5
0r6braisg7Bqck4gve-q0g,4
XxRXUNEIAG0qjtXXoSK2Fg,2
XeEmVK2Bp84d5acEHvBqiA,1
iJKT9rYAy4exIpZYYSF_6Q,0
HEbibepjK_fX5PBMMB11RA,2
r2dUU_p6Jtc2t8op7Hr7Vw,2
XK8V4rOas1RohiDoTUvJDg,4
ekdHpPMB7VpCbENB4L7SNw,2
tHCI5JhnTFEzRLn3IKS43A,5
YFn_XrqFTeG802p47Wdq9A,2
ay_keUX2vPtXLclQ6k6jfA,3
rjjkdiwLMxMfJpFqfsB3WA,5
qE0b6dX-E5CgGRdLt0X6OA,2
EihMNV2rx7VkthJKIJNLKA,3
jcVN6Qv4tL43c5Vb2CWmkA,2
rflBWCPi-qfyUtqnJDNmbQ,2
oHwGWvvdxQef7t2ykWy3ZQ,5
j-3DsnbjVqrpoG1ZwSEbHw,3
8zBYFP2fKxuo1RydSLlPOQ,1
Cp3Y_PiVdiYGHIbAYidm3Q,0
sJkf6nmnN7jIAbo4QbOt2Q,5
5EQOK2DNPDux-4q2bu3Rdw,5
-ZaCcLtNBJTMdBq1Ek2Krg,3
j3Q-oS8E0zP30IWuYcem4g,5
AQN83hhRGaR8NBsY7gB5fw,0
hBzggCFQnlATMll3FF2ePA,4
5ml91V5UP2MZFNhx6-v2iQ,3
1PTcGeuAvhr0trId_z7HYQ,2
Z-ycpZMRF0SmycQox9hF9A,1
4_GNO4uDFXh59I5HlrYRlA,5
8jraN8OyrntjXfS1Eb9xhQ,5
yglpopgQy7SO8Z0SJQ-XSg,5
CwNg2RYB-y7cJ9yL5RxqVg,3
1Tj06QjSeYdXFNahzLE6dw,2
2-UVBSpb4TP0Fv0TjucXkg,4
xZziFHAL4AuBs3P7yfiqlg,4
1KJ8OoVTFhhkZRO_zIkBgw,2
huiEaTUwc1c7EuOutmCrnw,5
p2n1u9kA_qZKNh7Vp-OptA,4
hAp24VctqIFjIiNYwAF02g,1
nIdUrnKL-QkR3PZjUTilDA,1
Njp-_fRsK-90v2hrvL0x9A,5
--7E__Pjj70JZ9z83hIGdw,4
3Ut2od-sdJ1mIRx7Gxw9WQ,3
OVGiUBYfSbRxmiTx1VLTVQ,2
hvieyA3XSSVCCbtLLLQHYg,2
nF-jwKgJi7HDKE8ELyBo5A,5
21EyY-SIKgaTT_GKuVHQkg,3
kgBZ53BqUabHNLcmUOUQkw,3
Ze6YnQETgsjuAf2m0CuICA,3
HBRm1n41XyA-9hoRCaPY9Q,5
Xe8qXF0tQ_dbWC63OVyV4w,1
TcX1hGj9Wk0dZGvmDwdHuQ,3
htjDx6ZYSuq0mFpCgMciDg,1
ZJ6rkZb-V_yLrYu30UwUhA,3
Ffe_SSoekvxKl9R4qr5ZmQ,4
CPBMpYKTuEESqj2pRZEJEw,4
v-3PnUXY2hBn7NT4EiDMfQ,2
WcmDUkCezV4m9BxrmpluAQ,4
dRUHMfEDrBKGzzMCy-RSag,4
-Na2Y2c8XCsbV0jxf_C0NA,0
dDBGJTQMGnhOhnOlpEmz1A,3
5JyS7jQQYRLOtbonJo-nWA,2
FnPGbxsG9UVS8VKGeLALow,1
C4gWJB8pku37qTiDR6Z0jg,0
F_xDU8FLTMtcdqVzkh_kPQ,5
tRsOGrds9gGJFOubqg7otA,3
N6CHxuhmcIKo7LS2LuTNNw,2
uoNqoIxEmluhJeHar6X5gA,4
ygJV1vr05txe1obigX6WTQ,5
Forqk33tmRjC_oe4QWO4WA,4
AvuQm6casHKkBpwf5TXk4g,4
lOBwrvpHCzXrfJY6cuIQJw,3
bDL2DTpLuKxIZTZ_ieChog,3
YXG9WItnByL__OMk3icXVw,5
shOI5g1oZ_470VtQ-HaFpw,2
BRqZJVnx3qP6h_Vnn4WCcg,5
_Uw-nKOuWU0ftInhMWiPvg,3
7ZsWidN1mrwXVt1UATjrOQ,0
zt8jgNl0vahwEiADIZLuNw,3
aubrJJ_xiRAOOZhoklKpWA,1
AK8VnJRkR86Umm-jBycDCA,1
lo5Gbb8AK8DxGj95w5wCJg,4
Nlpu5F8_rMhDFyxJCfbOfg,2
FPz_WXPCYTOSs7gwCZ_6uQ,0
_0L770xXPhEkEpLmNPRfvw,2
o2U0507DkbV6pH-7ers2Vw,4
evKAeH1l5YzhG8AMDKnTTw,1
wD5qXWVBXP1s81u1lhXIRA,3
dxlNSUIQUg-goP72dgtWHA,0
0D4zUrSk_OhjmJgE0YBecw,5
rkuPb34LTP3XSY9qNsBfCA,2
44tGjOU0unV124BplkQfYw,3
5jjlkl4DVul7f_6ZW4fCeQ,1
TmSR4sQtqC09vItEdsQHQQ,1
nRUBB_4LuCpFXzwJb-FFAA,5
pzLKYXF1Lc93ymiZ4bDl8g,5
SYwOehtxuh55Tud106aQmQ,3
WUJ5wdOAasRel0uHNOoKHA,4
OAnHlp1K-9SkuQBE6f1s2Q,0
7JypaZ9WA9MBtGdt_Cx7aQ,4
6fd_9R1I6KFwAW2Y8AzAIA,5
aCEzBNIgnWeClcHo00DgMg,2
aCA-7P8BJTHmtBDX42iDAg,0
AmNFz9svFx9QCSZsUs8JTA,3
XOjnrK8xFm-Gwa0wM1PNVg,4
CJ9VlpJc-Tp87QiFqHWrpQ,0
Xgrl-7j2zfUhAJIds4GMnQ,1
psFbZDKu55YEea5nxiTQXg,4
SJ9sbdS4J5oxn0oi14a7UA,0
HuNVDk0zlHpZYsMDs-IFUg,1
w_hNoR2PzUpmRljoIpCe8Q,4
XxzBS7Ab3nEY5JvJCRLl-Q,5
LUAZbnkEiYQYFWLYUsz38g,3
J9iAeEXM-nPJas2UGZpdiQ,1
EG9zmbAkLQJqDcZbxr1BPQ,4
X8rTwkm3tVMCWnZOKUN5Nw,4
yYK2tpttcO3HqUkUYNLwWw,3
IOjO_wxrMFgXc_O3EX9umA,5
K8t0DKeykUJqOGXoMDmlyw,4
5Vx1xT3YucnqhvE008rltg,2
ooFkTK1xCkrrOhgXjKPy5A,5
4cON-1erWqqIlZuVu9VcLw,1
3z9hgQzHdtlH5BeTpXchrw,1
tlRiFnmHTY2vBfAf1a_3Pg,4
1-mI34HULVTQYRUj1kalSg,2
aaBKeBbWW1mT3oR9a6t18w,4
IQiR4HnELr03sRyaNTCscA,4
YvBFP0OLU_xASWed8w9ZqA,3
aKGsoZFN9kgMw8FLw5y65A,0
WAqZ1dSv3Avdfu-kJY0IHg,2
Y6A7pBAYEH6pNSPEmRVK6g,4
HQdPQQtrurevWwFJNzj0rg,3
ZHSxf5ABgJP0h2V0dpZDmw,5
2PSMyKkyCrBJA-njtCJ44g,4
YCimleQ4-KnNdAc7cSWHZA,0
E0p3CcPehyGvT5TpJQeouA,2
oyoo_2ux5KYiRx01L0Fgkg,2
Vevj313uetljwyswJrrYYg,1
-nU8zWA6oAf1rs5arUPPSQ,5
2pby4BTYVLJmhInLZdTCiw,0
HeufJmn7Q-2FjFjUKBC4WQ,0
6gFepy3cU7FjIi5bANCmwA,4
uaodYVyWMleI69R6mpEBng,5
hKUqucSHYQVhzidwfApZlA,3
hQ5xhtBDIEiwXtJcEOp6uQ,0
NO98rgvu06yQniYrBjpufA,3
KW30zaz03l9GttxDDmdT2w,3
047pI79w6uWB3hGCeoi0pw,3
F2DuMmhTgRX0wRI4Rv40oQ,1
AsDqTh-O8v4G2gNiUDyL3g,1
7RbIbAA6VPIgmJytVRH7Vw,3
9We4OuGRXXqsTA8mJg0hPw,1
kyiX7YaCaUxGOR6ApI18NA,3
5OOaThvaiNoXIv65MrQ9bQ,2
L81996DU2mKBtwdmAwmM_w,0
3kg2v1l4WFFRacBgPtJhZQ,3
p5MLWz5dIEaMiHmZHqCfeA,1
yVUNu5JVc_ci-TJT56vadw,5
WtsSfJneJl6ZHFkqmkmyHw,0
eO_W4GbFgPeft3VvPU0rvg,4
aRIpmFKPNT_vzgG0egrnZQ,5
WQF9p8d7shVUmC3d5psIqg,3
Dwkfp_LyOmysWFpDhx1XMg,2
HWaqcPXHMFN1cHL8jzB8BQ,3
ruRwkg9pyOS38dDMOrTrMA,4
xAuvOdyX5J5nj5G41KXyQg,3
92URNsckQJuN1vYfHFD0rw,1
fRSsYbiqXdFPU4501mr3Qw,2
kHHehkSxsjhgdLJpkvQzLw,2
R8MHCOc-7J5a4dpguVdSmQ,4
7c_Uw3rsJ8cw7JS5l68KHw,0
wifcZUf-fSUPqTfNXqD2xg,2
1YcpJZV0KGXoUEMx_htWLQ,4
_b6eQaR698YaqdkEkDqB8g,5
PfSzatcZ7JNLjPccnxgEiw,0
8KAQmPe8HFXGtMlBT_HKrg,5
sYeJnjeVRXcPTUWkupc0Lw,0
Plh4bjW7nbjhJvGU7p16Tw,3
Bfv1RFqMfgSYOzek7X-nVA,3
DZAr2bFWm8Bwv1u8hg4ElQ,2
yKcAbzKSoJkRIn4zJOzoNg,5
3isvqzQAUDVWU-jG57S6tA,2
WNn3u9Kfs0xOPz5dJ7yJ_g,5
_HNKhUJjDsrZYrFL-EUbRg,5
WwI4c8G1zk8sQW5K4SKToA,0
r6YUZ6bvA-MHRmB09EG6tg,2
eVDZREagHi-jhc8oUJC0Ew,4
1nVhLj_sjXUhKKLXN1gJKw,5
y1en5olXbUdkVea4i2gVPg,4
UfTECtjXNscdMhQAG8rBqQ,4
bPxi3sflqd2YS830sSdfgw,1
eIhuNXdKN4bZHUptYa3fmQ,5
TwvetZVQBgCcY06-_TaGGw,4
9B2wJJWCmvq2mIL9IK2gFQ,2
wtsLkNhtNWEwO4ejtt4Xjw,2
JP9nuAGxBDVumI_v4FZ9qw,1
0ISL8_aXbQlvvjkDcVWF9g,0
gwydKSx5L9a1ZUIGtXZebw,5
fqZIT0obJ4u_o6ICCHwT3A,1
tZtTGN6KGPxLSvh_O4H6ig,4
TGjPcGGwonB-prVjdSeMrA,3
QzurCstPGSZrW1elqXBEvA,0
ncpPkplVRrSSqGcg7oxuVg,2
84Tn22HxllV3T-_dX8h8Tw,1
UrKGKGdm7BtyXCHdVjER2Q,3
xX8LqqKZznHN45342R7WFA,2
_Md1bbs6NflJ6SqnEfkMFg,4
r3NhKTIjrYG_Cje6WUT-8A,2
AALG5il7G8YovFh-iyEitw,3
vyBMEl_6sKY10NG9XD36tA,1
0TYUUuYzylUUOoxyqRFOzg,5
4WaRuSPAEOcZ7Lc7ZDqd2Q,2
McIdLZoN69wugi0hG8DDXQ,5
MTXb1iSBsAhLA8CZ-C3Z0w,5
wC65l4FUcrhNyEZ0imNZQQ,1
RetHkX07U_i_1ZuQ1_F9jQ,0
bv9MbeudEMJA_8idJ3K-yA,0
RRhAeIwI6w3I0HEoZOg1EA,2
gAE0hB0f4v0AET3_y5QNVA,4
k3BzHVfVC_KPCJ4rAqa6Ng,0
qx4-OqZgLbYxG5koe57Tkw,4
eU3-Y6CxC2fEEFp08xPjoA,3
_5wmokogLmFzqe7NZ-YvyQ,4
DWS2sXe3FuhRwyzgO70iBw,4
GnLDfzVOnek45EDcKIX4pA,4
LTujggA0VuEe-IGc_EhebQ,3
jYrARxindZADz7LxFGnF7g,2
jBUx7aTsZ-EcxQfK3MR1iw,1
6a_6wdcBgOLkEIcZawNHSw,3
63o20mOvGzPILhwcklJIZQ,1
0rxbNxB_olzYT8v-GxhC8g,0
1ytRj2_WFC2VMRU6apNKSg,3
CUCn6fJ3UyRdRhBAILsVUw,2
v5vl1WWHJcpVhwj0gMUR6Q,3
4-fN6Q3eY7fWWxW0PLt4HA,3
N0JoeWk0yZTKeNk6unTdfQ,4
VN3LbbPCoBTQEfz7SLmNcQ,0
ekR3Pxzz3Du9oWJsCX8vtA,3
meSD8AKV5F3CZEUGf8B3NQ,0
0QoDEDNxf-fox433eNUomA,3
mFgBpcJ2zyOEIPNv66GWkg,3
2CvvqOPSlblPAie9RGGMQw,1
JndIBwNZX2rajI17eZBxog,0
QDwKGqi6_JPtCVFTK2Kz8w,5
EuimD-y1vfEsNbKCGjNttg,0
U-rhLWmgnBRewx1jm-84Yw,1
c_2e6NWf_Lo2yWNpXceArw,3
28vDIm5ojsNK76mN5hJoJg,4
TFNhDhzPe7REUgoYCGFF3g,0
CyGW3HDy9xCxL7QDvBGGdQ,5
fDQk5fJSVxGJfH9njs-e3w,4
WOgA1sidII-iwfNIiyXg_A,1
jOhJqE0Og7c-1CMTA3vGpA,2
aMIFDPwziHiLR6CszDuDjQ,1
UDzTz3iv_fLn-84x_Oz3TQ,4
szx6MDunIsmRFFGWCSNmhg,4
_XqJdDY9gNETwcFAIL0Ltg,5
M1SmtK0Fy2GPA26yzrfGWg,3
R0Jx8OXBdtvtZRpqmaPs9w,1
PI2j_u4kRo_elJkuGS2Bqg,5
dE3lJFIKhB-OFpWhVdKIYw,2
N1oa8huo4lAG0BmKSmtK_w,4
aUF5WOdF16Xx6s1GTh945g,4
OwN05uJY3pENtfg2mRbFrA,2
Eq1dpGknpesw2XyoqxR3TA,3
qEEgjIJQXcPdEzCRBRCUvw,2
KGP6bgVKOATKyeuXMx2tNw,2
qweqOnJSwkTXCS5rf7fE8A,3
Cw2Y2rH2dy3T1g27pHZ_fA,1
THkYQd3ZdIypi6DHzHMY4A,2
NQ7Dn7gqCklRFQtwLbBEVg,5
fc2K-fLjNVnu67IViMABag,2
PzS11JsEzIGD-qFsVdDcTQ,2
sdpeq8UrMxQ_KJ8voxachg,3
Qaj70WXVKOKhv00vw5Dyxg,4
uFo7CV9nmsZMIY_y4dFd6g,2
Mz3ztNttF0LYcIhghjdJxA,3
FoXJaw6So0q8aCDN4vaKyw,5
wkHxI6jCufB57J61xHUGkg,0
DNthJv6Bhq5KZnfAqCQN_A,3
RaRgRutUIIuBVy5Mubej6w,3
9mHOrNblB60UWq3CgaGuuQ,3
J9gkj0NwnFG_8qxHddqdtQ,0
_gpOgNpOJei74LB8TRMIxw,1
WnXKvjPOff7XfxN9xedGzA,1
Vz0w7qpdDhGO7I6QHTeA9w,4
_oHfc-z9GhxElwq-2qVi1w,0
UvRjTaiD82OpsoxTv-VJqA,1
0sJmujujofKS9uzUejpQ2w,4
-XoQcFbsQP0BpL92HhYjcw,1
6ixOZyPyhHhhTZNzgz7DXQ,5
cWZCIcIx-IdcMdbhnuMaNA,4
DxAMc4lVZLUNdyR64KMBzw,1
c39xA5XAUGA_yAeg4dBRTQ,3
PhzxDWyvougUmETpsSwB4w,0
Z-pxAyR6dMArNYnyJKDYYQ,4
y5_W_uy2B7rMTMS7d6KwzQ,5
66Czr9QE4VntHzrgX_nK6g,3
sXMweoCWe93udGNdHwLJNA,1
R-9opYN_oWnrbU8UcHpesQ,1
wzRNGBHAclYBzvbcDT9-Gg,4
n8vyIsKGNg4yJyQIjIKanQ,3
HHiozqmpquBrkMyasghGrQ,5
pKocnZkDZ4a8XnnGYyN-xQ,1
_nlQDWxd3QM_AX2Uk754XQ,0
aT0r0EhvpuAJS5OIbLKjSw,5
LAtaW8oOxSnFyTI2r5eQyQ,1
3qRrEFHI4ohjXxK-KzzlAA,0
NBTVmRntb2VPr2Fh5EpmYA,1
LEIz7KyKDD9vavEPHeGC3Q,0
unLCrHTOesIZWmwEwJqEwA,3
JVkIooqSBalffLdm8x4Znw,0
I_E1aVkoc_9aki7yL2-6yQ,5
2f5TAqihpB3UMayAstID_A,4
MRowMGJmQB1iYsxNtF20Sw,2
x_mcE-0tJFQEuInYEGXV6Q,2
BFdibJAoCJRMO3-ShImAow,3
8W25FO6Xick82T58Ju3rFw,3
boktuIxcYAuF5P3ag4cIng,3
xDgLRxaxztbD8DraNSr8pA,4
DkY0RpiOUqnDx1NJSoZrsQ,1
tvmFP3e1XSd0hcPmM2QoVQ,1
GEo5YGuXrdH1wpNrb1ID6A,5
Nf4c7xstQwpKbNMKcC1aQg,1
uocd4ud1_rOi_bexcCmQ2Q,5
ocIaFwXtdV6n48s4S7kkbQ,1
aoZu4PXjkQBuWRxqjWFNKQ,3
ClAlF8_CqHYYwIKNS5XDWw,0
PJgI-oggQcNdEIvRDxm7Fg,4
jnCN7MVNxEnKRdr_mzPe8w,3
2umUAcabIKqqvCJs4CYeTg,0
2oP35in20BBY5l5wtgci2A,1
jDdfJ2nLq90hxsQLFBnCwg,3
VD0Xq6PJ8H9uNSwgHr51sQ,0
ql_oa0XI5aUW3ydEeQc05A,4
1OAXFRDqTSa3jUjH1LMWlQ,1
ceYXu738RO5FNDp3JRPdTw,4
qBFBFpytfuWdtBymcAdOyQ,5
F2JN-3dMmZ7VzFQh_8ll2w,1
nd46K6dv4J7Z-jmcT03mVw,5
ovToHHDkzwCl0nEyd8PP_g,3
nGyD4zxitpcbpPyjyRPAbw,1
a2LuDCOrNotkID8w30aFlA,0
zohLMWmYuNCcyYdq3kWeGQ,0
YcO4ArIcCWsizG_s0nRTEQ,4
ge2jWcIVJFNpLP7z3eNADg,5
DPR36Q4x0v3nwRiDG5PwIg,0
yTACZFd0rexl0x7RftII8Q,5
FGPVXyRqdQTjk_1-499y4w,0
9UD6HcC71Nt8HSWwuzcP0A,2
x8SAjegcF91kVRfjCsyIpQ,1
gmS_LT9YIjMiCYV2cNRP-w,3
b2ikU6n4PFVhCOfri5_Zxw,4
6SJsm3iENlaa4URhTgp6dA,0
O2OceB077vwl0adPCvWXzA,0
ib-8aXfJ4M-EyPu9BUqKqQ,1
0-M88tVjMozxkaVqHXUOsw,3
KW5YmHs2QzqmfPLAB4VpxQ,3
GReQkMEOCH7qCjLon6Q8Hw,1
T2hMvGYhvJBLJyO5r9lgDw,0
9mDbRRq3B4O4UcKrA7KqvQ,4
cclQi81H15bucOA_zgd0dg,4
Q1yMKci3dnWmLtzCSsSczg,5
bAFjR_xYTYAMGDue6IJcYg,5
_umtFbvvmz8Da-_bDRevtw,4
KndND11uFOUMu-_Hy8Y5yw,0
UBdm8EEmfohP9vAgdKOe8w,3
zpCCv1qvIc3YBC_3YUDxlg,5
Ef5p8kH5SSrO-_9-rk3YWQ,1
h4kNw8c9IdT_FO-iJgF4jw,3
EwAQYg7gysPsnCMMTJOfSQ,0
XROiVNxNBw6rK2sYCuXStw,1
Stg40uwDjfpj-_-D7Tt2wQ,5
E48iHCA1fwLTJggzVvlotw,5
zDZucdwrMWfWu_LdQcIW1Q,0
EDCIXZHCKpN_adtRDFfB7A,0
gj89TcqFEDdOJROysRQ9wg,5
jVTOPtDrP7pjXKFSoQS_tQ,5
NkCaUZXkQj1Kt1iHySZGtQ,1
r0YB_pCHYlJcc8TZNJZHHQ,2
FoU70Pea7_VNsPPXNp3swg,2
X4T_tJsUePNumkV66kshcw,5
-Hjic3ILlq1BkL0S5nq71w,0
FHeRK0bhSszdyJoeog7GGw,4
t0ohwLsy2ri4nr79on5yOw,2
zuhgJZf0MP5Ep7eC23V03g,0
KddStDDB5gUI4B8Hi1l1Rg,5
uaAZZ2XiDJT2RPyoRooaUg,4
JJuTDtxNKF8V5D1-bjC23Q,1
Fjqe_x4AyGSDtsPQLBD--A,2
hMaWhLPsp08xBqZgwdc5KQ,2
iQWnEjOSB2BlEE00YFme_w,0
HE_-ti_4w8czHhxt_3FxyA,2
Pqz8MaCbSq75TZjLU6czCg,2
5ObteOTNCqR6lheiL7d7_Q,0
xwhiyjj-AH_fM-RJdRDQaw,2
SrsHv4jwieuuwp8UW-Aecw,0
ane3DONT1SlEywR0XiDryA,5
7FQy6Ndb4KXRLe0sI504AQ,3
jOs4xYBZzatJCS1mAvuirQ,3
w9Ntjm71MvfQh6uw4KyNJw,5
PIl5Xx4hAfLSSoDmn69lJQ,1
I37aS1p0RkBmrJQSybbfmg,3
S5FOG9exlyYX3JV46WhTgw,3
sF3exaRxewr44Vh54XW4iQ,2
sT8mgociSexQt8oajcv82A,1
pNERYuTR-zU025Z70eGukA,4
OObdUt56VrrJb4zsB5OaUg,1
Kh0T05N1TYJwNKiT6oupUA,3
N1KCxeJFwGEFVK8xbfn8tw,1
TSZ85p4fyZSvIVsIS_UWtw,1
k5DEzZfGbDtDZH1T9bEsmg,2
yxJeUyywrptVPYodyEY8rA,0
psEQNlRob_uevkmjCNxuhQ,0
47XOxJrbOB-0aAvrraO5aw,5
2VeBN-GAaZE9WJmpRVGidA,1
_DM-Ssh0QjrgU7RC_idEhQ,3
t6hZSfcYnoFR2t-6m_rf3g,4
i4rwFKeXJyhzKxuBPxDdog,5
zNEPfcLuhCNS59s92tgXbA,4
TKrfp4-Gi3mloZNHPzMxZw,2
fYPyOSENOyA8pl-59ye3RA,4
-lHZ1HPih37VFqHcp-Upag,4
DuZH-yTSG3gtz-roy2G-MQ,1
tntT6DVhZRPiusEdNA4Wcg,5
Q9QMYXrlXZD-Un3hV2EnsQ,0
EkB-0raiep-XCTV_BgbxTA,4
hX3gVYY936uRNfgElH-iZw,3
u6t2lrT4O4wA_KpopNk5Sg,4
1zPGVXXpGBNgyBBbvwn0CA,3
kj7RMQNb6PQIatuY_5oHKg,3
wOQFWoWcUfmUQhrxkWaABQ,0
865pUEdpE8x90goKaCPaGw,4
Z1lOpZsU37sSFytqleOaDA,2
0bcvLyr-3xNyM4-DerzIlw,4
xWO0vMehrY79wOWrfjrrig,1
l_zVF_PImRitwKGeZ4uCyg,3
ablpB4xPA4mYYzMwu3T3tw,3
rGC-vqv-dplDq5KTZyQHYQ,4
zTnw81EZ-ibaEl4rjE9oFA,2
R9IEy9nEEKLPvPHcvy6cjA,4
ikmTP2sFcH7kCX9IlhdTgg,2
d8It2l_J7wnWF4TZK1lHEg,5
D8vrFQsAJTsaZGua8cJMnw,4
9L_pONiUr618-bBJERENhg,1
771z0wJyt9mlLJL-iMsiag,3
4LUs_WK0uz1Dv_kEkpCjAg,1
PUjTXo0QsN_vXg2E4hCWMQ,3
8C6EtNFvzTvi2V4Qb9IqbA,5
YvZ0iBeqDy-ms-g9WsQpjw,3
9uK_oWZ2EpGQf6uwS8NJ2g,0
lIIIYZyJUH4I7IHjzgIz6w,3
_gJpNawwWxasoiS2ielqLA,4
1jIAo3SX5Y7zgXlK2LkFmg,0
ZrvsD7PSyPolII3gp4-uHw,5
cqS3v-1UxNcKLSgclap-ew,0
jgxVs_-ahjcCWnK9GYAjeQ,5
X429lzW1hsLBqBoOmFpZqQ,5
k2CjU7cRKfu3BpWOoBSG6w,1
6KdRm7qVTEtCLzf73GLwow,4
FXqXoXXwuR9bV4ptP0HIzA,1
p0KBKqoy9C4ddsMmmBaZpg,1
ULQwNu6mE_TOpwlD3GBnHg,4
i4yyf2P0zDSfskK33nhl8g,1
3hdgtBfoQF6Dzrr3V2fnJQ,5
Eleo8Agl9Tqcv9qM3zyu3A,2
RbstQfljn_saY8Hz8UvPXg,0
XIe9btPnuZVW_kf_dbxDKQ,1
gULvoNwg8tbIIth15N1_gg,4
LPR9f0M52VBI0Qav2DY7GQ,2
kZ4CbsZ4Fa95MdGp0W3Vcw,2
f6uqS4-pBttnNkslCoC5Mg,3
1MW_AuVja2eK1_qQor7QeA,4
g1COxGrss_h4tV4C-oS25w,1
OpToCdDBykmaF5irKxB34A,0
j4wB9q65FBPRjo9oAoHk_A,4
__L2edPUQYEgUcPusKuEvA,5
7AmRYfm4usuirSgSLPXGcw,0
P2p5TqBEmhbcme-kxXPhcw,2
-bn-_PLeimW6i6mL9LoIUQ,4
7bZ9sEL_0G0PD_45clpsIA,5
o7U_3YLW8Tx72E4DQPbeKw,0
BrR_oiD2i6tUIIPb4M2bWQ,5
q2i_5nIbsHdxbSK9R4rpqw,0
HTWZSIbnjI2Evwr6sfnAJw,3
oFFnqjgTnGJutklzZhUKbQ,1
F_-jpym-fxGWswW-fd9cdA,4
KHbzyzS37EU-YpP31qtkJw,0
s5KbJ3EdkaN-AYewniAhww,0
Y_lEsL8YL6G5WNpbEUNZ3w,4
s8b3SZwnM5k6zuZd8IB_6w,1
o8TP4mVYEIkkMNrQJyNFFA,2
bmdgnx23awdsTeSdo5A06Q,0
17ZhH1ho9RpGSgbd0qm3sQ,2
DbIqNlnQsmWV54gYgRhXtw,4
8Q--TM1o__cL0dd5XzmW-w,5
y8RgeqcrOJTU7Sb6x-pBjQ,4
CCI0533pgtk2nwTGvIKrjQ,0
cQGIZxNDja4do3WWnHG31g,1
oRCDniMtDxdEL4URsUBJGA,2
QxQgHMPHwJlHe-FPLq9i3Q,2
SDoz1qi2sdFLqTSClGWe8w,0
w9TKZ6t4MECvguIDjO0MrQ,4
GKW1oxzUJbe7EHFiTxLhEQ,1
a0NhtBc_6wS2Fswa24DAsw,5
8dhyHdt5UY0frAx-XdHzUQ,5
dkb1ZkJCKb9PTlqDeCkegg,5
2dfd4iKM44vdbqLo1X2FRA,1
1lF6Ds_1Aos3IgHopF10KQ,4
-LokHE-O7JbX_WG3x2bKpg,5
KW2qsj1fGiNfVZNg6I1WeQ,4
NRtVtPobIrjO7R1i-vYVkg,2
eZF9YNLXC64fq6NrJi1_5w,0
d4Z7hH1QEGfngCXdvayFQg,2
4gQeL3VVgf5rjxGP3u4QwA,1
5pZFsfRMkQdVyabMg9mBVA,5
drgMLc5ScC1fq0kWOjih7g,4
LDTMVb4_O5iUo97WLakWEQ,2
tPQA7jHGxOa8eee6XAmwug,4
tycq2tBZWlvyxlxDsFIpXw,0
ZgfWKI5jp_fJPTZ0miS0Rw,4
K0RjL76eFkH1dLfPKoZeRQ,0
EOYiCwjFDf4BzMuKYTX-qw,5
afBXrF2yhVmhbwVzOrlF1Q,2
x3vAbICR5qNwd9S83-2oLQ,1
IO8B7L4Y1hin-bPIWKDCBg,2
hLQsfJONfSLRsW054JHiig,4
lRd6FoRyogZEW_YLQpEbPA,0
ySR6fBmVGYiXoXGSUslhlQ,4
KVs4CZOvsOkXLbcnuQuGmw,4
kpVAUSfpv4QWvNR2s3D-Yw,0
u8-89xYzCvlwKLmRBugHTg,5
2ukru_OkyMjZwClS4T1deA,5
IbiloSxJk75QZ__CCsHeaA,0
Tusn1_UNwOMPZKIwljEadw,5
8_rGWcmmQ5cbwaI3nUQ7tQ,1
B32qA6w3NuXXjlwYnmvJLA,0
KZJTsnqrtQoZ6pdFopu11w,5
KcLRa976-RHM4UNJsA9yDg,5
fuIl4D2FtWgbJK1AsqBdhg,5
rJUdHf_v-H1I_XpCCJMXVA,5
CmYC8o9Ad4i9vALV3z02hA,2
JgrQt1W4TiZoGw2ixTfC5g,1
Ax4uHBrouR5_l1X2EUG9CA,4
TRfAExMC0ZUBtVv022kolA,1
S_tAO3Mq6n_ydKdzJlwbHg,0
UYzBmvBZnp_BIL5p3RMwpg,4
b057pUENtOBx5RNqHDQ5Ng,3
xFTE9gEWLYcK-GjePfGStw,2
bmxXoxLiJQ6GXSqFtx7Ptg,2
hATzsahuhtpd2RBHd9da_g,3
jZCKsuHrPvuQ6Rpihnb0Qg,3
5ERr-tIaDSDKIs4h4Z52Sw,3
L7u3Dknzjb8YpbHPJldx9g,3
m4_aXydL3kAoLbDzEuYCEw,0
UQkbdBACRHBAM9y4hDA3CQ,5
nRNVFVzR83BorfjBr8J1lw,0
2-YWwDAPIn3gpcOQLBq2zw,1
MlSL7GKCrtFxs-dZIo8GuA,3
Ar1xWR4izb7Qh9v18nnvyg,1
dcQBEau8AfEMULij1hZoFw,0
QVxtBnWT0fGCWodYUNd1jw,4
nPyEIS5O9vv6u1_Ip_CwxA,3
p3Lfnc0Pih6Tj0f6QG8YWQ,2
MlLSnh2F_b-km6eVUh97Wg,1
V3R-27ikOW1N2wxe9jpuww,1
M_d1D_FHqoB8118bfPK2kw,2
KXJF0G7bREgUfNzru-Z2-g,5
Kww_UHd31pUL_VUfgLDIYg,1
iZYVwMUoUoBW0vBKxRpGPw,0
bPTxar_A0ftNqbw-6XlPWQ,5
0C2u0pucYe6BdYm16ySBUg,1
5QfFyCZ2PMZFEei4Xme8ag,2
_Rh7wm4kNZC7oHSeaY8dqg,2
NsWWbHbkCK_vuID2C7Xpbw,4
PCnUAeytwSMa-bIIcglF0Q,3
Xk9NnOnMVHsDmNv-4zT5iw,1
6cN6ARVDgS-kVDiv0jfB6A,2
fUOK-W7ikkYdhBRDzDteQA,0
h2gYos1f6_6Mpd8Ox2IWdQ,2
bhi1bnTY8SL_TBwIUXQ2XQ,0
J2JyumsVJfg-RRzOc6Z42A,4
FWIQ7AsX9nRJVexAimRlAA,1
W1gscgq2ZtmzuBjsMleVmg,5
VDkqBpD56edJYmsWGNIGQQ,2
zfWkS2BlY3TdiQDGcAyJPw,1
xnorwRdv1kjyldG0d_FauA,3
xMlXVf4JS05i5TlyK2WzeQ,1
OjLk8BzOu4yCJ-c_Lwkiiw,1
jAAaUH17ZXdsp-3Ghi3x_w,1
VBD4V-ohiCmH7kn3NV731Q,4
a_SZo-4dd-3s2BbU8-OqZA,4
7-RWWVDci18m-S7yuSX1xA,4
kIjdTAUagpJqhkVxRwRReg,0
OCvN2Suc2yh1IdF3kktc4w,5
ZdMsvw0capm8yXYH1-drmA,1
QEXzYV1ay3kwdBywmbLsbA,0
ZDS1lZTyvwUPj63SKUY7zw,0
MFDwmvUL2FGXNNpLvfK-IQ,2
ajoW5dFjYIeOCXny51zM7Q,2
L3ifguvPM8zzkXMKyfbSoA,5
Da0nwy3XrH9SxCgcaY9pUQ,1
NIV3RKw428wCgvIhDMKnhQ,5
RgOgvenH2ta3nJ2Pn9PvFg,4
RlvXQVa56CcQCi8oUxNArg,2
SBdbu9k2TqKq-8S_fDGinQ,1
Vcn_ZoJal2HpscB2jx0wRw,3
sDzOV-2tcK2bFPzTBF-Krg,4
JTgDtMIQgMNat-LRI1z-Fg,2
kF8pTzTYAcYJODhdiI9zag,0
wzQ-ISUMhQ2O2DI2ZISkmw,3
wrOyN938nc_9FWXOW_ARjQ,5
bokaJEoKgwZIWpp1a9cUYQ,1
PnBmbUDFQW8fknE_NYRmaw,4
U3SoSiUg-pyS8IsSIoCnOg,5
IkNIULVuQXU2qGBJgwvwTA,0
LWjWLCgq-lbbl3pfYS0fmQ,1
StN5aaaH_KHHmdS9tdzj9g,0
noAtnIpuJma9ucmTGsXczQ,2
_kczZLLniX3YmGFlykL8iQ,3
LAD0SMpoLPwSda6JcKCYMA,0
_8Dpv7nsV14B0vNzn4kVfg,4
nS285D5Vimrw3ZKEuRGRcQ,3
4gB_apIt-DfPMW5ByEZ_pQ,4
6nX6RIo3AiCUp1-D8yvsFw,3
f0Hi85gO5LBqsKPUWU1blA,3
oB9q96c5RibtMhFcUaZbvw,1
8HLygUpKGRpgA8s3jbZovg,4
2vj2GgHSTfKhSPgILvKjLA,1
pFNVDZBt32QmR-FWDg2qdw,0
Kb3VnuGd8QB1SnyX8woydA,3
eBgxPV3256-0IJUsnbhMsA,1
TlGMazzdjgQegbYfpP_wkA,4
GHVau27cz7Td0RHZDtJhsg,1
_1FFQiXHeGY7JT8WN7dTZw,1
HZDGSCzUw5ZSFDM4h3tuXA,3
Y69SRhpZMcN7yyhYGMvtag,3
hD3bbGw00Bw9fUqDU4ko1Q,2
T8fIm2RN3hCLh1iaTqZe7g,5
gUnZP91h0aq59B2-yXRyPw,3
x4er4JhqFvUOgvVAXD892g,3
MHHGEz8pVUgwyQeWNecz6g,4
mOpeI1ghT-xjfoOV60LVug,2
1xLcZ9573idpdd5V0PVFvg,1
WdUS42WRyrWuVWSA84PFsw,4
3YvV3JlAPTfGVbO_SpPKEQ,0
Cur6-CK-924kcyZPq1MKpw,1
6ruLZb-r2QWYFZj1eN3vUw,5
zVQEj2Klvjjmpudh7VmXtg,1
ZE0PNMhXHa-Yx8haRxysQA,3
GtrOax2lMh_t3VJCiHUSbQ,0
3AYGUCpUAY0BlduoGqZvMg,5
KhsibdggrCDS6MHUiMvkgQ,0
YhRrYRVSrUHCmETYClByIA,3
O1sTPScWDSs5tECHOzyuPA,5
f_BV5E4gNjOZjqyBLQJnrw,0
sZo9DwjysYNnHiZesqkvWQ,4
0oi1YbGAx6UOFKCeTUkthw,4
s59ycy12dCTw8yWcqKU2OQ,5
bL_Av2Y40RUoxIaiNnOAsA,5
SY4g1hquftEI_NwIPVb3Ig,2
0js0UF3MqrheHnu5N8K9xg,5
DXFDdLfNfeSpss8xlSuCVg,4
jU2C-644CAkVrzRMpDd95A,3
fsl6k2yGwC-cq3vcLk-w0Q,5
M4DfbYbtMnQjo6lumjYDNA,3
lYrBCRXzEg0L2iXQbmQY5w,5
uOZdYaEey9bDkSf0YkGHPg,5
a9Mz7BJkLklIRIk-ZYX1wg,4
GmVB8EC9qcagsL5_Ij67nw,5
8wucbID9C0R67oviJ6UMXA,2
EZHCCpOlcOvhJBXO3jdKHA,5
u2rLgZayTlovRlPuOZLY0w,5
bnlqwHnPA0Y98J34YEHC7w,5
ljGY8UAPlVWl4lfuRhT5Kw,3
h1tXKqtoR8XhRNYPzvVM_w,1
d0s5-fIKAd0ghZNLUpd1Zw,1
cr920Pg8l3bmSHcv4R2kCw,2
6zSpg6byFgOGqstZ6JWVqA,0
-QacvysZhiTS4yjr-qOFqg,2
J2XCcoHw9GWf_OCmGUUJHA,2
EjfRneHNGro5S_xAYhucig,1
Lyoc0Hgh8HlEAb9OCQE3XQ,3
X5wjgdYUKRMF4_pUjHQvww,3
Enq50FLxMI3h-Yb9NgYwnA,2
Y7ZCOcUZKF33aM7uUh7VYg,0
oJUnsu4PpTZz-kCE88-9uQ,4
EgYnr4o3VuisBpEiuegTqA,0
AhE5XTs26ERPzZko_zCFpg,4
iNQhu1R2V2H6mznhPgHTTw,2
-H2PA_ZfCS91Iz2-XoYZtw,1
6GAGjVz8O7P5Mf4uIHqfQg,0
l_u4bJVtnIklABw-SzQfGA,1
Z7LE2m5tYQTaE9kHJQ59bA,2
fIL3xAAUpKeHgLW8THkuTQ,5
Y8_QGpWwVLbssijOlvu2Ag,3
Ik_s3Xk4kpeFQzSF9a8NuA,3
8gl4Ml2ccViHnIOWOIQ7Hw,1
ZqRIBOmEm3R8ZFdF8J0XgQ,1
rvnwpFgZk0Nn9oGftVwM9w,1
tWDDzUZtR9hSW0552uw5nQ,0
dtdeJtEw-QTJ5Jzy0taQaw,2
MRuXjFlCrVxitKeTGb2nFg,2
Zt3mfx9MovJsoBVkBPGleQ,5
VVsvv0ul6tznmdFzCf3S9A,5
izEQJH7JJyWZVXe-OVQ-DA,2
HRlDKcC2YN5DJsIR2CuHqg,2
6uSz9avrNXYAJkOHn1i5_w,5
xdY4_Ari-3CZYKZrDdT7JA,2
5TZoMvs1z0-lI82Qp4R6Ng,0
g9pI-jqHVJqzro_A5guURQ,2
tpsrPauuWuYMMNYrhy4s1Q,0
I9WqgFwgbbdlS183wU6uyA,1
bqNonDdWL0bbm-PQ2B3P-A,5
VjaRJkSNPIAlk5nGyf-cbA,2
bvUl6HhnTkgfC2P5SrhXJQ,0
HG8cCP5gRPk7iFYdEuiyUA,2
4s3VGb5ysXJPz0pDEZ7sOA,5
WgagxaZDMqsY-Cqs5cUuTw,2
6eA1L6bmuSDt1-l5K-iTSQ,5
UeRRsWcZpLOQcnDrF84a9g,5
XY-W4CQfC96kxLX-SxhDwA,0
kTn8F0ioNaS-6vxQxDENhg,0
IqMyF47GsOtQqpatWFKs6g,1
3XgVyzi16xCQhR4eMsbhxQ,5
XZOFipDRu-pA5mSLLmK6Lg,1
opPXZ1LlEnOj5mhgtB_BRw,5
q0tfypUlESpRKvZbsItFrw,5
AAeJJjaAGwLNzdX-A_OHIQ,1
5hp38e0FU_fvexXJuxY70w,2
orGMNI8kGv7VmAPUhALjpA,4
P_-qBNMHw0w7BDqmVkJEdg,3
Yh8QsjReroFcvYcwV3L21w,4
UODW65o9Gj_pxxjM-RABAw,1
xLIdORJVO2rheiGMvrXufA,2
Jlg3_1FmQwTdG4S-CQHTwQ,3
7oUyjS5TUKwctfLmU0x6hA,5
fEBTKRgEzMKYaULSknhS5g,1
gmGZc6Nm37ii3WpbGfuziA,2
YGHcSgCG0zNQUbWpbDRYsQ,1
zFssbijX_9vhWitOrWL7QQ,3
BOvdM6TMXnyeTD_apcsw_A,5
Y-dHUJQ89HKfkSSxIDUPcQ,5
M34wp0am2jRu0sfsHC5RXg,0
hrkv2ES0qP6yDtTQaGmPYQ,1
6EQUgCwXPc0IoIYRF8jegQ,5
ZwWyJKBbKgVA71EHb9VfgQ,2
xECufreC5QmtuvqIlzxi8Q,5
I-Od7FvDZYh6tP8PqUnugw,2
tM97bZLV4UN87dgoG496Tw,4
gAj4YMrEY2kmvVhs1OQzAw,0
4s4vIih2vgQoPPn8ZVLv3A,4
W72_rdIZ-zLPbboHNPcqRA,4
_WzE2Wi_apGxIjnnijUwaA,4
O3sehw4SoUeuB-wWpG5Icg,1
hJWNjWRH1lzx5l_sWaUfJA,3
-2sS8GrkdkOvFqySI7ugDA,2
BwtfTZnJUeN3CZ_ONXaEDA,4
657mO3wHf32BnFm4thWKcA,5
-LvhiKfXhftUA9BuNWApiw,5
my5DGyUvtXqdEI73NRPd6w,4
hwnjfwOSA2LFF913j9Ovgg,0
dBjXeXey2GC_9VDGF1jOZQ,4
5KigXgOA9xKlzEmkUG3AZg,3
UioAQzo4c6pgMa_1KxsAMg,2
xaY58LufBeuZK_-R7M4zAQ,1
-yTOF_4f9WTzj9kfOpcc7Q,5
unIs51vO7qsMGorPviTyjw,2
WcfcBND0Vq9V7GHiK2tIvg,3
1JiGKG7wwQtrA44bQZUdTg,0
jpXK-ttjS0MFPpxr9cFAIw,0
mBEFKPJm88ai5DuR71-_fw,4
NUO4dnrqo0MojIRfgcb-Pg,1
-rflEK0-TgYWK6WmouwKlQ,4
1iMLGonaRVnOz3z_pFodrg,0
oaFAOUBHpqyZFAPcCn_9YA,5
x1XhkHmr5I32adbDzvzFyQ,0
mkVkCbp4m9IyVEq9Sb6XrQ,0
cxAf41TK_XKGqBGo7pLRBQ,4
Z-6EPfbnvNd0JgrozE93CA,1
_Zq_Jd2tBApvv57pLegp2Q,3
-Si9gXKCQg0NvvMCgZjW5Q,0
KxNcPfDwlbCO1iKc5fJpWw,1
6NlPcutFpp8vpUDpB2OSIw,3
OSZ4bDaOaaDABrF3A2JT-w,4
2o2Sg8ROuviWY6yljXMhZw,1
6x5yxHG0_dm1yhp1EG7eVQ,3
8UGuzKN56fk3efeq10pDxw,5
mpFlUbM-cmzLUzclQbafIw,3
-0QmzVh4Yk_VF3763ps5Lw,3
HWjQKR2i6SyI_-RPclSAQg,2
daXimgdyWz8dmppAMgIKIg,1
BpJeFJ1ai2aqwrRboLHpfw,0
nGn91lxB153OmRg_PA4jBA,4
0vS9mWFELRhVubAdGY0eew,2
Y_TsPYNM9PrvYzXApBQ5ag,1
vQGW9g8JckwuIbFyBjsBbQ,0
QIQY30zCsPl5rPsgr2Ipvg,5
As0Hk9iBTMowTT7Ex8AgbA,2
kgTyezlsG2vQ4ySUE7DrGQ,5
cmPfDeEERfv2GpTLPgPrSA,1
1ezs1lxETV2lnfZAxpX_TQ,4
tZsLecr-AdFMQixtZn2ZqQ,0
i9dR5Y8A3yb-fP-o7NmvRg,4
Qb7nbHoHcmHajokRNnbNKw,4
KuEYZEkwpaslnFj0THxIFg,3
ZWwpKr8YoW8fNDXNvmZymA,2
hNKJjK6uuGWur_rRY_TVnw,5
qnCVlMg-QrRO8RZQhe553g,4
6OK4Rdkl0himg8Axh1_YKw,3
C8Ns8JH8dKjLvetRlqbxNQ,3
UVo55Sozv7iHHQ2ZE2N7Zw,4
sJQabxpKBfrz6LfoeMReXQ,2
EbRt6n40DXbmTnO8XDSphw,1
JBv97WClYUyXNP24x8HKfA,2
bnctz2BbV7LSMr4KpOxE5A,5
TC9HnPhldcrbflehBz_ESw,0
ED78WVpMZsx52fqeQuWHqw,5
IVXJTMvV5tTlodZIJaE1ZA,1
P1uj0pNlEc1iTst12DDYMw,0
i_lyb817znzVrrrcDSMH8w,5
i-T6fx9KjEWNl-RytfiCIw,5
EQQdRFEoVDDqcj-NizXxQA,0
YVYvHHeYP5r3Fg-36iAkdA,3
_oNcjoyqtHDacG1APl5AFQ,3
yZ3XMIXyV5qe32XzT6FAZA,4
_ckB9oOzObK1i33T-2g6Ig,1
ivShmitM67U0tiVe0qhIvQ,0
1BFTPRol1opVu2UfKvgoeg,2
n1MnmhP5tqIKUgr7DT9qmA,2
5_KHB6J3rtG3FjuH16DjkA,1
rZJl-VFzsM7bWL1oWu78RA,2
w-ORpIq22QY_E-SQvM2r3A,0
UmW2tbxWaK-5wOz-kgJhcA,5
1hxWvH0zPv4gsWxWNSjTzA,3
cuXCGigKGGOQ2uR78oC6kg,4
Dm-VUnz7EStzrzRgaHWqTg,5
jDVwRwhCMTpo-7IquYF8qA,3
N_AWCCDNl-B8hRq5xx8RgQ,4
oXPLZIBzBbfs_02rj5hRxA,0
KLtDBdREHR3GkaF6K8jViQ,2
gH9uFPL5IYVYnT3pX_z5Jg,4
VkcnbeR-gGHi_idOHQfL1A,0
-p7bvE5yFoHS0rmDvn0Zfw,0
7NMA0smv-SVUso3SkhdjFQ,5
PoCAzklsw3i-QURsRMfnLw,5
3_V_7kBrJ7EEjGRFKCQ6xA,5
4aTukBYMAugGvAlSz2z66Q,3
ZXM2azOFEf5__kjdE3h9Jg,2
WFOnNzuHsZlyHAkLsbPnIw,2
LisPBsqRDyJGv8_QtdPpAw,3
ZD71km_6anEc4DQZA0zo2g,0
VJzhFI3DFQVKgwN_49FTdA,3
xjg-OqttY8YUYn6e7yzu2w,1
u4ZJhktj_1OJ365cqpR_Kw,0
XXejlWG3P992mifetGy94w,5
AG50yBj5CIRRkqiejbGctQ,1
8xW8Mr61rcZ9SsJyG8uK_w,1
wOw_zZ5vLvzPalYXC0zmgg,4
l3FKb27PXolQ6aw3I9q9vw,2
raanYS04IA93V6KcL9vbdw,2
hMvIuKaaYeNdXDzxuGv6oQ,1
ElsdGE12j7psggCcLg2S1A,4
mgUBWx14mSQcEB0OOlCzLg,0
CF9GLovCVBwDRQKaNLx0pQ,3
LKqRZp3EThHP3ETi4y2DaQ,2
hYD0w6CNar2Gtolcc91FkA,2
1CEFNpGYM70D4arHrVm5IA,3
9vyTHspkzeqwT-d7vSjjbA,2
uY5xA-BdgXjgE-55-T0W9Q,5
GMIwfQAqba7x486STlEKLQ,0
r2RkETJD4wCjOzH2drIZQA,3
B6xO6em9HPusjX9cwEaa_Q,2
h9xbeBkCO_JIwIN0eESX3Q,3
dDQljlOG0yVVRYN16GmT-w,1
rMQjBShDU3PmRCXULBxw1A,2
9U7CMjD-T2A5SY4XJKxL3w,5
3oOCmSiQjJogAulpjAjF6Q,0
7-8rtAqexdhsRu8dOoJ9pg,4
IBV0zBlPZafmnD0R7-wqqA,1
73qqtYivAD6XiiJjsd_9_Q,1
EylidPfKi0JEzYPVVp-y_A,5
JvYeoyPPKJe_E1ELHTXGJQ,4
RyuGo6frJAt4NsgMN5VU8g,2
HWQsARImraWiIezvBfduDw,0
ycIjNiL_DfdsUHxR6_MP3w,4
WWCpffVgGxqFE1jbnRQ8kQ,0
8epDpKMjGes1wiAdFWg4-A,5
JIT87cZxqZBWxBRMdmzAFA,2
vA8-wfaMO6y-goRH5PU81A,1
yrCDWh15ZvRndvIfL5KqJg,1
5Bu-_Zc_6CAWF4UOgEmHcA,0
wLcf_ievqPbzaBYNiD_gzw,3
LqaK-h8LsqH1Xb0rRDJ68A,5
C-BZapPShNWNn_fDv_b7nQ,1
D3MuRFK2FJ3IGrvl2pFz_A,1
9oC4COpDT_QZFOt_xP68iw,0
dW2CE2g42gYEU8k1vl-89A,0
C1WNdI69PIBvqlMigwkaZw,5
PpXBckTrmDi9LTti_DeBFA,4
srcencSsJcp-9wlFy8lpyw,5
mNRksQE3lox6P_dM01_dIQ,3
5_XMYnZ9ruPBRGhEpJoFHQ,2
_0UCDNGrlM-5BXBlcjhY4w,3
JYn1BRPDPZUfwzIxTfkHKg,1
ztugRYu-f1qRL57QGUgKIg,3
cD7CCAOKTRngLn92Z_hsGQ,1
PfV3QJ74-fKxZZyHWoBMBw,5
n5YnfY8g2n-UkEE0aDsw1w,2
yuwbV4vtYheZBW4gMDLxgQ,5
f28xvywIj87s3IldHNzoeg,4
yM1BM-n94wIexkiuERTNhg,1
6F-lDct7588KJhADxBPYDQ,5
nukzAsyjQOcYRSz08rtyKA,2
nHq2VGAVomc7bfw1qWcyOw,2
q1GQr2GDTuv7Y_USabDlmw,0
3gX0kfpnaBas6g42vvrGQw,2
8uv2mZ1y2WnPiB4iPbJ3Dw,5
n8xlOG7Dqkf53s6Vj_DO4w,5
3C0R8-eslD7ImObUKsH9IQ,1
g2UxwyuxLjEkZHVhCvWrhg,5
ubt_K4BWuQrMMRc1bedxkg,4
gOaw4ZQH6AbJn6wfZM-_XQ,2
r7fzHvuiliucoX0AuAm7MA,2
UIyrsapwyhrNzSrvGMRuuQ,3
ibFP0RqZkGlphFXNUNYFVQ,4
RDJ57zyj9BLJzQ3caZG28A,2
KjeajgeWiQqIbrNNxGV3hg,0
-Qo6263hcjzQHJG_Ax8fjA,5
heD88aViXxiQAljwch5lug,5
dbwyPgZaSB1oQZLxn_iggw,3
owHjauX2OZ8bkMfE95svgg,1
hqULxokXTh5ejzdJdJwYfA,1
_f7nby_Z1YaxHpS36Uharg,4
yxrzMfEGFRhK3VzRVMg8rQ,5
NeRU3vHm_DZltwMr_OrNSQ,3
0y3BNOLTXf2tQNM1IbAJOA,4
QtregtQZinxfezQLaEYIwA,1
Mygvwph2IdlX7rL8FYM6zQ,5
6iiUnZM7j8xCHYLnCIknwQ,0
AldpHQr-_hNNP8V57Xrqqw,3
EUmCjuTvaBjVmm4td892TA,0
oJo_uZhaHMO1tO1Ax7GLNw,2
WrNtQBddzsmE0ptXCkWMvg,5
CQOkUolLRe3V8T8WL3705g,0
8cDx1F5Y9TBUTSgp7k9HpQ,5
FioEqE-0IXBp3VtAx_jsIQ,3
VX8hQgX-IXt_x0UJotqvBw,4
SEXkvWl-3O_h1UAXEOptVA,3
APfv2RSpnGl8xT2iZv3KWg,5
B-rx6rei5WPdyGRPkNOOiA,1
lWyJPZ0-OG8cA0G08qUGUw,0
VZ6de4D89-ux-EqT2NTZ5w,3
56gfxM_-_NrSQbKoUgEu3A,4
bn7BGYWDCiiTkw4gqhrdCA,2
isUdiarVYTX90LJvaKYywA,4
oRK4Cvz7GdvfrE-6erT--g,2
fOr-5jRZrVY01_cXhliyAg,1
GrInT1vYVapM6d3JitBCWA,2
hgQafMLH6XLKLIqIH9JH-Q,0
E2uV7sXMM-XDiuHutdLChA,3
RsfVJRuOKH-HrkhrPc2L5w,4
mS-5SUF2cE4MkZ8YLmFtKw,5
g2cIcx3UAApl4SO4AvpyZg,5
l3dYELlq3eidxJQLlIr5UQ,1
mOdIF4zjN4GSbAF64fe3Kg,1
ES1mm8Hz90rZV6oeMSSYnA,4
XTJZ2KZPhGmUX71nNY4MlA,3
lQP9_f_mGFfnak2ZLVn9YA,2
y4UQnjRLYvG4sXvL0bQXKg,3
r9DodulBx1WjWZEBjzVLhA,0
62XPzzFayG_6vZMdesPX0g,3
I08I0OzuZMwCJufwA_iJ7A,3
AXdVBpYG6izw5UgRQysIjg,3
tIsjFmQpBXzWyviwstfZ8A,1
wIWKlwAI9ucXI0fBW3Ch2w,4
LffbpbW2XHiMIglKz2QD9g,1
h7Qhlk9wPNI9ysH2cJJflw,0
ZVc8mPgw80KzzZkoqYcS7Q,4
SGoendleE6YYKKxiKE7XdA,0
RbfeAYLUlqCF34MsBaMBtQ,5
TjdsDhA2na2CqEpzjTkcIg,0
5125fZO6mwDO1k9_jjXN-A,0
9t8YdNnsD_Ec0Lwf7G06xQ,3
FZzHUGC3c3lRt2UyAbdq_A,5
7md7mmUuk-CFCXd2tc883w,2
01kLkvJ1mrEk6nHP-TLEjg,3
YgSZxG37GsnozjUZvyBqtw,4
2Oc5fBfkqhVCD3UpblNKqQ,3
QdjGC7tKxBJpVBtI22rTJw,4
hSw9DZYtaqcsdttish-n8w,1
eR0ER_svwwFdPRXGahJyYw,2
z1nFbD3Cs8aWr2gO1V4THA,5
7xvgftqinPVri_Y2R_5gtg,0
xPFtStpVKgmj6YRzOLfzdQ,3
PS8DiSk3cTf2APzza9Z9Sw,2
aTdEqiQBup6s5ClRW1PIzg,4
kXMDOhSdV6cyH1P0nn3QoA,5
GEuyGCmo7h-m6QXp9M8mdg,2
9eDWY5cevgRhywg6uTm8Pw,0
h2uB1HyeKC8JRvmgDtfHgw,4
8Bib4ezWBqjocL-WasG46A,5
qab6GDoNC0jUjq97d3kPDQ,0
vT2-ahUfAOK5OJJQ7z2fZg,3
HrEbcslQq4_oINhjzLkONQ,4
ZuB5OW9kgyF73gNUrexg-w,2
RX1IcdFp2YUASivZgLbBoQ,4
wXZSuWIUDJZNqL46Ks8bEA,2
SvJEnR74EPD1iLk0rMUGoA,3
PcW21Z3sxNzSNt3gRAwlnw,3
aO9vnrNl9EPohYV9xfNsJg,2
XwJU6-pQtkhlMY6GYGO7Yg,0
gL3nLOr-7bxAf77IrVcueQ,4
HvAN0TOVLXIY6_33aXerfg,1
upSQtiE-ZafgHsqoMx48Bg,4
2GT0kbNKB3sKEkS5I9EAig,5
3ONQHYIuN_0VJwWddtjC4Q,5
G5nSmz6wvbQnF4G4UEzGSw,0
In3u7g2auK-PEnCSeEYByQ,1
VUWonMWPCj4u5c9yJc-CTg,0
AWqpYMeEY401Ra-eSiIr9w,4
-8-Wq1Ezj5V0K9V3jcGDVA,2
CBpbdl7d4XgoUl33oOfIeg,0
cW969xyDm6eqmXSNQfg1eQ,0
o_jXkSmcsxESRQnQhoZb0g,1
1O1kkkUTZAISMgka_nrUPA,4
cdrEC5pnTa0bRxhF1NLtUA,1
45XYco7k0g9L7nFy2v2JUg,3
Nsr4-yh6_5A1_2iQlgpzVw,5
JQ7XoSJ80OdUVISYexqjaA,5
raqBOi2Fnoiwd5i6Ypg1Lw,4
M5_4sGRyiVx2VCCpghuWmA,3
zrye0L4bJFFYKQNBgMCpxA,0
YsCasLB9Tkf7RratHI_Xbw,3
7YTURtMOqXfTtbYHxcAxdQ,2
_a3BKom4im4s0B11vfsZXA,2
Cht-ACgQfzAhbby0mnb6Yw,0
Zo2mnkTSewxhQIVAmvB22w,1
z5FnxEm7n_FBOyvuK-v64Q,4
Tl9I2_NqAZJYvyg0W8pjbg,1
yCI6_qVjQBVREUif5hYdHA,4
giA6Hn5WB6Nhm9zMS3JD-Q,1
KNGxr5bjapSBLotjTNgiYA,1
arpo8_qtqCqx2AVlKlmCMQ,0
Uzx2stpx3Kwx9U1VQ9yvXg,4
ASjP1q82jgmHwYuoN_B_wg,2
ajGVTgSRcm-jpJRXy_X4Cw,5
ynF-WD-11AcpNAcoroOpjw,3
dai6KOjfBQQipJv9z-8cpg,0
QGd7kYcFWbeVSce2yZZKeg,2
qkS597JGpYVOVqJuQmU57g,1
qTmgMMp__hOQ9Iq4QLi1Hw,5
PpUW0k5I4WJ8MLT4PKHCOQ,2
i70hNxxjyrJBsVEQU-GUmw,0
jbIx5GsG_rvpMQMNU6rndw,4
Apk93K3O06h6LECEan-8yQ,0
SxR4x4RJdShcnoJaM4EApQ,3
uSR-Uy_oG3znxDyHXJHQ4w,5
R6wg0TPcU8Qd_gvC4YriJw,4
0nhgf9ZoVbzSohdhsxAZTA,0
CDrLqPrQHq-_KKrDfRodVw,2
GV4SnMibrrmmeoKF3IKJbg,1
SHH0cKH81A6eb6J9LcwZ5Q,3
ACtnE1kurtGlEPW2BsA2xQ,5
-mRewceZ97RvUf-IGPVRqQ,0
PU9TTIF_zJM-rP6Zh8FKRw,1
3kkWYGyAhNVUg_xPhc8nYA,3
5fmjMhnmQdp1zPqnFqsUdg,0
YmgwlQgKBCWg7NAhHAwF7w,3
R_wTA-jtYvy5mAOgB7DyEA,0
glqi0SgsK7ts8YJkrKtfYA,3
Axhm4dqD7vIMsJ0HjM1E2w,5
lGtIL0p95kqUNKzN4IGcHg,4
ewK_JPO0govpfGDtFRpHqA,0
xCV_PbAdHAsLET5dvqHY9Q,2
REe6i6DTsm0Q8cegDdncYQ,3
V8TqNtuwZuNktYbhqItB4Q,3
h3kGF38Z8yBoSqOhPVAnwA,4
nt422TQrxoyTIIJ-RpVPjg,3
bTSdUosGr8hUWV65VQo2mQ,0
nFKUAHmcXAxlNvmO4LuJ2g,4
O00K8ZVmR0e_-NZZPUxKKw,2
b1rE7nLFnf4eatvXo63OBQ,5
3IWIri6JpaSVt0SDzMpK7w,1
zzoLqVbXiOMB06xf4DMVKw,2
yfpK_fmSQFEAcs8MNn6Fbw,1
6jVKRE3DqEqAOVJlchw3ow,1
Gc4kUWv5E1uPxuuE3aJFKw,4
PA_yW92R2SItfOGWTb2ZEg,4
pKmq4sUIQ4b0qHdUU87YTQ,5
oeMzWZHNiyV-5JdPWuHe-g,5
qIURNTvpI6syJzaD3wfmow,2
qgfN2OY5ndNGgHV-U2ALaw,4
-im-MYu8QBavVKCiFThp8w,0
pkB4_h3eo8GWKlSlkVJITw,5
RQlf7znHhUfh4yWZzqAkXA,3
Mi96saxIvMbYYCpHdrEKUg,1
Oi1fwsvkjMNmhgZ7CwFp0w,3
rs8UE-COdqw83m_C2vH2_w,4
BalVbZAByQYBdTJU_xa7Bg,0
xiHVqH5TR8FVMbcM9yagSQ,0
q91Smos0Rwy8SWi20gEqAQ,2
mGR4-kMt4IQ2BYIvBwBifA,4
UesN2tWRAgIqvA1l-61FYQ,0
4fHMRG2Qbkd144jxIijtyA,4
rgeRytpaZ1gRcr0qsx_kEA,5
